0,651184.375,42884.84375,8097.0
1,5.078125,2.03125,1.0
2,0.0,0.0,1.0
3,4637.5,223.75,61.0
4,0.0,0.0,1.0
5,380578.125,20382.03125,5716.0
6,190694.53125,9752.96875,2888.0
7,430020.3125,28211.40625,6187.0
8,246859.375,13426.875,3398.0
9,2181.25,218.125,298.0
10,0.0,0.0,1.0
11,0.0,0.0,1.0
12,228867.1875,11276.09375,3732.0
13,0.0,0.0,1.0
14,0.0,0.0,1.0
15,7800.78125,345.625,124.0
16,0.0,0.0,1.0
17,0.0,0.0,1.0
18,705241.40625,53537.1875,9099.0
19,200619.53125,9252.34375,2931.0
20,289499.21875,16007.03125,4322.0
21,176812.5,9787.34375,2168.0
22,303230.46875,22426.09375,4957.0
23,69350.78125,4513.59375,957.0
24,0.0,0.0,1.0
25,205662.5,9523.90625,2767.0
26,587226.5625,37348.4375,8256.0
27,197919.53125,11780.15625,2772.0
28,195368.75,10715.3125,2879.0
29,129527.34375,5712.03125,1958.0
30,500.0,12.5,5.0
31,143891.40625,7235.0,2214.0
32,0.0,0.0,1.0
33,246254.6875,12348.28125,3265.0
34,0.0,0.0,1.0
35,8050.0,303.4375,114.0
36,0.0,0.0,1.0
37,3106.25,90.3125,33.0
38,0.0,0.0,1.0
39,90259.375,2626.71875,1382.0
40,140360.15625,5585.9375,2206.0
41,410106.25,20580.0,6240.0
42,420009.375,25155.78125,6276.0
43,0.0,0.0,1.0
44,0.0,0.0,1.0
45,297601.5625,18033.90625,4711.0
46,211004.6875,9313.125,3015.0
47,309908.59375,15401.40625,4788.0
48,598317.96875,37653.28125,8043.0
49,566575.0,36207.34375,7329.0
50,32018.75,4050.0,421.0
51,3895.703125,409.53125,377.0
52,140902.34375,5617.5,1807.0
53,450293.75,28734.375,6351.0
54,215924.21875,11962.34375,3000.0
55,65553.90625,8875.46875,800.0
56,274339.84375,17194.84375,3757.0
57,67696.875,4183.125,781.0
58,197921.875,10223.28125,2552.0
59,59573.046875,8186.5625,758.0
60,36579.296875,4485.15625,454.0
61,25741.40625,4581.5625,439.0
62,292558.59375,19536.09375,4376.0
63,0.0,0.0,1.0
64,0.0,0.0,1.0
65,0.0,0.0,1.0
66,0.0,0.0,1.0
67,0.0,0.0,1.0
68,0.0,0.0,1.0
69,0.0,0.0,1.0
70,0.0,0.0,1.0
71,0.0,0.0,1.0
72,0.0,0.0,1.0
73,0.0,0.0,1.0
74,0.0,0.0,1.0
75,429737.5,26476.71875,6066.0
76,0.0,0.0,1.0
77,0.0,0.0,1.0
78,0.0,0.0,1.0
79,0.0,0.0,1.0
80,0.0,0.0,1.0
81,182301.5625,8947.5,2904.0
82,135435.9375,6081.40625,1804.0
83,0.0,0.0,1.0
84,0.0,0.0,1.0
85,0.0,0.0,1.0
86,0.0,0.0,1.0
87,0.0,0.0,1.0
88,0.0,0.0,1.0
89,0.0,0.0,1.0
90,669380.46875,47222.65625,8695.0
91,0.0,0.0,1.0
92,0.0,0.0,1.0
93,0.0,0.0,1.0
94,60289.84375,3136.5625,830.0
95,0.0,0.0,1.0
96,417657.03125,19838.90625,6065.0
97,349368.75,17386.875,5399.0
98,0.0,0.0,1.0
99,594360.9375,68022.8125,7721.0
100,30905.46875,2286.875,451.0
101,3.90625,1.5625,1.0
102,0.0,0.0,1.0
103,0.0,0.0,1.0
104,0.0,0.0,1.0
105,10006.25,414.53125,114.0
106,0.0,0.0,1.0
107,1656.25,42.65625,17.0
108,399127.34375,20121.71875,5880.0
109,3512.890625,608.90625,299.0
110,0.0,0.0,1.0
111,0.0,0.0,1.0
112,0.0,0.0,1.0
113,0.0,0.0,1.0
114,0.0,0.0,1.0
115,0.0,0.0,1.0
116,188207.03125,11396.40625,2741.0
117,0.0,0.0,1.0
118,0.0,0.0,1.0
119,0.0,0.0,1.0
120,0.0,0.0,1.0
121,0.0,0.0,1.0
122,0.0,0.0,1.0
123,0.0,0.0,1.0
124,0.0,0.0,1.0
125,0.0,0.0,1.0
126,0.0,0.0,1.0
127,242560.15625,19820.625,3858.0
128,0.0,0.0,1.0
129,0.0,0.0,1.0
130,0.0,0.0,1.0
131,0.0,0.0,1.0
132,0.0,0.0,1.0
133,0.0,0.0,1.0
134,0.0,0.0,1.0
135,0.0,0.0,1.0
136,0.0,0.0,1.0
137,0.0,0.0,1.0
138,0.0,0.0,1.0
139,0.0,0.0,1.0
140,0.0,0.0,1.0
141,0.0,0.0,1.0
142,0.0,0.0,1.0
143,0.0,0.0,1.0
144,0.0,0.0,1.0
145,0.0,0.0,1.0
146,0.0,0.0,1.0
147,0.0,0.0,1.0
148,174821.09375,9185.625,2325.0
149,0.0,0.0,1.0
150,186481.25,9941.25,2569.0
151,0.0,0.0,1.0
152,0.0,0.0,1.0
153,123944.53125,5177.96875,1708.0
154,0.0,0.0,1.0
155,0.0,0.0,1.0
156,0.0,0.0,1.0
157,386063.28125,20528.75,5914.0
158,0.0,0.0,1.0
159,0.0,0.0,1.0
160,0.0,0.0,1.0
161,0.0,0.0,1.0
162,0.0,0.0,1.0
163,0.0,0.0,1.0
164,0.0,0.0,1.0
165,0.0,0.0,1.0
166,0.0,0.0,1.0
167,0.0,0.0,1.0
168,0.0,0.0,1.0
169,0.0,0.0,1.0
170,388414.0625,20328.75,5549.0
171,254385.15625,14793.28125,4187.0
172,239176.5625,13303.75,3368.0
173,419164.0625,28683.90625,5898.0
174,0.0,0.0,1.0
175,28607.8125,3016.875,341.0
176,737513.28125,47838.59375,9063.0
177,0.0,0.0,1.0
178,441485.9375,25050.625,6010.0
179,0.0,0.0,1.0
180,0.0,0.0,1.0
181,213423.4375,9702.34375,2815.0
182,4050.0,202.5,66.0
183,140682.8125,6039.53125,2106.0
184,0.0,0.0,1.0
185,425621.09375,25185.46875,6033.0
186,0.0,0.0,1.0
187,0.0,0.0,1.0
188,0.0,0.0,1.0
189,0.0,0.0,1.0
190,0.0,0.0,1.0
191,0.0,0.0,1.0
192,0.0,0.0,1.0
193,0.0,0.0,1.0
194,121971.875,4424.375,1859.0
195,0.0,0.0,1.0
196,0.0,0.0,1.0
197,0.0,0.0,1.0
198,228032.8125,13070.46875,3415.0
199,665399.21875,35983.125,8341.0
200,187789.0625,9442.8125,2471.0
201,302161.71875,15841.40625,4432.0
202,0.0,0.0,1.0
203,0.0,0.0,1.0
204,0.0,0.0,1.0
205,8112.5,318.125,114.0
206,0.0,0.0,1.0
207,0.0,0.0,1.0
208,0.0,0.0,1.0
209,0.0,0.0,1.0
210,0.0,0.0,1.0
211,152914.84375,6412.5,2140.0
212,62.5,1.5625,5.0
213,0.0,0.0,1.0
214,0.0,0.0,1.0
215,0.0,0.0,1.0
216,0.0,0.0,1.0
217,0.0,0.0,1.0
218,234428.125,22227.8125,4032.0
219,225408.59375,10733.59375,3381.0
220,479413.28125,27378.125,6567.0
221,0.0,0.0,1.0
222,0.0,0.0,1.0
223,0.0,0.0,1.0
224,0.0,0.0,1.0
225,579567.1875,35781.09375,7574.0
226,166995.3125,7462.1875,2460.0
227,377857.03125,18744.84375,5945.0
228,364867.96875,17772.96875,5488.0
229,0.0,0.0,1.0
230,2756.25,137.8125,32.0
231,0.0,0.0,1.0
232,5193.75,172.1875,114.0
233,214589.0625,9543.4375,2782.0
234,496349.21875,30371.875,6712.0
235,0.0,0.0,1.0
236,0.0,0.0,1.0
237,0.0,0.0,1.0
238,5631.25,181.5625,83.0
239,114964.84375,4444.375,1515.0
240,2600.0,130.0,26.0
241,204470.3125,11777.03125,2733.0
242,0.0,0.0,1.0
243,0.0,0.0,1.0
244,0.0,0.0,1.0
245,286389.84375,14160.15625,4595.0
246,506764.0625,32357.5,6866.0
247,407678.125,24634.0625,6146.0
248,35948.828125,7054.0625,799.0
249,33094.53125,2521.875,397.0
250,5816.40625,772.5,294.0
251,141415.625,5707.03125,1793.0
252,0.0,0.0,1.0
253,125134.375,4668.28125,1685.0
254,163192.96875,9099.21875,2333.0
255,267783.59375,13785.15625,3781.0
256,0.0,0.0,1.0
257,0.0,0.0,1.0
258,0.0,0.0,1.0
259,238278.90625,13180.15625,3042.0
260,0.0,0.0,1.0
261,220119.53125,10708.4375,3161.0
262,0.0,0.0,1.0
263,66897.65625,5655.0,937.0
264,0.0,0.0,1.0
265,0.0,0.0,1.0
266,370850.78125,18641.5625,6050.0
267,174107.8125,7899.84375,2242.0
268,292579.6875,14535.46875,4264.0
269,736704.6875,59812.34375,9216.0
270,20955.46875,2205.46875,484.0
271,45895.3125,2000.46875,572.0
272,164129.6875,9499.53125,2229.0
273,386359.375,20301.5625,5594.0
274,262825.78125,17235.15625,3510.0
275,0.0,0.0,1.0
276,0.0,0.0,1.0
277,0.0,0.0,1.0
278,0.0,0.0,1.0
279,444077.34375,21154.84375,6002.0
280,4787.5,179.6875,78.0
281,0.0,0.0,1.0
282,542955.46875,41180.78125,7287.0
283,29549.21875,2817.1875,392.0
284,283390.625,17326.40625,3581.0
285,9138.671875,2140.15625,372.0
286,147568.75,8972.65625,2150.0
287,639383.59375,47207.03125,8314.0
288,273545.3125,15910.0,3808.0
289,31623.4375,3154.375,347.0
290,11246.09375,2463.125,346.0
291,55763.28125,3522.8125,1125.0
292,14123.828125,2575.46875,316.0
293,6276.5625,737.65625,306.0
294,452260.15625,24765.46875,6743.0
295,0.0,0.0,1.0
296,236343.75,12584.0625,3669.0
297,290912.5,13076.5625,4300.0
298,3150.0,157.5,33.0
299,2600.0,130.0,26.0
300,0.0,0.0,1.0
301,0.0,0.0,1.0
302,0.0,0.0,1.0
303,0.0,0.0,1.0
304,3268.75,163.4375,36.0
305,0.0,0.0,1.0
306,3212.5,120.0,33.0
307,0.0,0.0,1.0
308,0.0,0.0,1.0
309,178795.3125,9389.0625,2803.0
310,264142.1875,12938.125,4497.0
311,0.0,0.0,1.0
312,0.0,0.0,1.0
313,0.0,0.0,1.0
314,0.0,0.0,1.0
315,0.0,0.0,1.0
316,166675.78125,8391.25,2273.0
317,100088.28125,3863.59375,1491.0
318,0.0,0.0,1.0
319,134240.625,4836.71875,2139.0
320,500.0,12.5,5.0
321,5375.0,168.75,82.0
322,202643.75,10216.40625,2733.0
323,0.0,0.0,1.0
324,386746.875,19800.0,5784.0
325,1228.125,264.375,294.0
326,0.0,0.0,1.0
327,0.0,0.0,1.0
328,218350.78125,9290.9375,3168.0
329,381975.0,20078.125,5377.0
330,0.0,0.0,1.0
331,277916.40625,12635.46875,4496.0
332,116636.71875,4656.71875,1645.0
333,99927.34375,4607.5,1189.0
334,0.0,0.0,1.0
335,381186.71875,19563.28125,5541.0
336,0.0,0.0,1.0
337,0.0,0.0,1.0
338,286771.09375,14246.40625,4041.0
339,0.0,0.0,1.0
340,182709.375,8841.875,2754.0
341,0.0,0.0,1.0
342,0.0,0.0,1.0
343,0.0,0.0,1.0
344,0.0,0.0,1.0
345,800.0,40.0,8.0
346,554871.875,31872.5,7664.0
347,0.0,0.0,1.0
348,0.0,0.0,1.0
349,0.0,0.0,1.0
350,0.0,0.0,1.0
351,0.0,0.0,1.0
352,0.0,0.0,1.0
353,0.0,0.0,1.0
354,0.0,0.0,1.0
355,0.0,0.0,1.0
356,0.0,0.0,1.0
357,307057.03125,28494.0625,4716.0
358,0.0,0.0,1.0
359,139074.21875,5667.03125,1921.0
360,0.0,0.0,1.0
361,10937.5,510.0,122.0
362,0.0,0.0,1.0
363,0.0,0.0,1.0
364,153437.5,6256.875,2263.0
365,336747.65625,18369.6875,4437.0
366,0.0,0.0,1.0
367,0.0,0.0,1.0
368,0.0,0.0,1.0
369,0.0,0.0,1.0
370,0.0,0.0,1.0
371,0.0,0.0,1.0
372,0.0,0.0,1.0
373,525931.25,31057.34375,6881.0
374,129993.75,6727.65625,1607.0
375,1700.0,42.5,17.0
376,0.0,0.0,1.0
377,159199.21875,8030.15625,2058.0
378,0.0,0.0,1.0
379,0.0,0.0,1.0
380,0.0,0.0,1.0
381,0.0,0.0,1.0
382,0.0,0.0,1.0
383,0.0,0.0,1.0
384,204684.375,12008.59375,3103.0
385,229679.6875,11832.96875,3014.0
386,3687.5,119.375,66.0
387,0.0,0.0,1.0
388,800.0,40.0,8.0
389,0.0,0.0,1.0
390,0.0,0.0,1.0
391,571644.53125,38157.03125,7981.0
392,134525.78125,5792.1875,1855.0
393,0.0,0.0,1.0
394,100097.65625,3375.9375,1548.0
395,0.0,0.0,1.0
396,0.0,0.0,1.0
397,142997.65625,6249.84375,1729.0
398,204228.125,10309.21875,2869.0
399,133700.0,5415.15625,1885.0
400,0.0,0.0,1.0
401,117959.375,5777.96875,1406.0
402,0.0,0.0,1.0
403,248924.21875,15682.5,3519.0
404,0.0,0.0,1.0
405,0.0,0.0,1.0
406,0.0,0.0,1.0
407,0.0,0.0,1.0
408,0.0,0.0,1.0
409,0.0,0.0,1.0
410,0.0,0.0,1.0
411,0.0,0.0,1.0
412,0.0,0.0,1.0
413,363059.375,18845.0,5244.0
414,0.0,0.0,1.0
415,0.0,0.0,1.0
416,0.0,0.0,1.0
417,417803.125,21487.96875,6201.0
418,169699.21875,6627.8125,2140.0
419,438505.46875,26796.5625,6126.0
420,302368.75,17733.90625,4921.0
421,1481.25,148.125,280.0
422,0.0,0.0,1.0
423,0.0,0.0,1.0
424,63102.34375,3441.71875,811.0
425,0.0,0.0,1.0
426,0.0,0.0,1.0
427,0.0,0.0,1.0
428,0.0,0.0,1.0
429,0.0,0.0,1.0
430,0.0,0.0,1.0
431,349646.875,17820.625,5835.0
432,0.0,0.0,1.0
433,0.0,0.0,1.0
434,0.0,0.0,1.0
435,0.0,0.0,1.0
436,0.0,0.0,1.0
437,0.0,0.0,1.0
438,0.0,0.0,1.0
439,0.0,0.0,1.0
440,0.0,0.0,1.0
441,2375.0,108.125,26.0
442,0.0,0.0,1.0
443,96889.0625,3696.71875,1398.0
444,155017.96875,7827.65625,2349.0
445,0.0,0.0,1.0
446,282200.0,32217.1875,3959.0
447,299083.59375,14078.125,4391.0
448,0.0,0.0,1.0
449,0.0,0.0,1.0
450,0.0,0.0,1.0
451,0.0,0.0,1.0
452,0.0,0.0,1.0
453,0.0,0.0,1.0
454,0.0,0.0,1.0
455,0.0,0.0,1.0
456,0.0,0.0,1.0
457,151951.5625,6142.96875,2103.0
458,0.0,0.0,1.0
459,149717.1875,5557.5,2140.0
460,0.0,0.0,1.0
461,394128.90625,22495.3125,5658.0
462,124129.6875,5549.21875,2012.0
463,226060.15625,15420.9375,4019.0
464,0.0,0.0,1.0
465,0.0,0.0,1.0
466,500.0,12.5,5.0
467,0.0,0.0,1.0
468,0.0,0.0,1.0
469,247008.59375,11527.5,3161.0
470,147542.1875,7116.09375,1757.0
471,0.0,0.0,1.0
472,0.0,0.0,1.0
473,268052.34375,15675.46875,3983.0
474,0.0,0.0,1.0
475,679250.0,48523.59375,8564.0
476,226244.53125,10148.90625,3305.0
477,0.0,0.0,1.0
478,0.0,0.0,1.0
479,2600.0,130.0,26.0
480,257064.0625,14962.1875,3913.0
481,0.0,0.0,1.0
482,0.0,0.0,1.0
483,0.0,0.0,1.0
484,0.0,0.0,1.0
485,0.0,0.0,1.0
486,0.0,0.0,1.0
487,0.0,0.0,1.0
488,296856.25,13432.5,4569.0
489,259448.4375,14969.84375,3572.0
490,0.0,0.0,1.0
491,220607.8125,11328.90625,3569.0
492,0.0,0.0,1.0
493,0.0,0.0,1.0
494,0.0,0.0,1.0
495,173849.21875,9344.375,2770.0
496,0.0,0.0,1.0
497,0.0,0.0,1.0
498,0.0,0.0,1.0
499,0.0,0.0,1.0
500,52472.65625,4935.9375,861.0
501,0.0,0.0,1.0
502,0.0,0.0,1.0
503,246477.34375,11447.34375,4089.0
504,57033.59375,2906.40625,757.0
505,0.0,0.0,1.0
506,0.0,0.0,1.0
507,0.0,0.0,1.0
508,0.0,0.0,1.0
509,184689.0625,9035.15625,2507.0
510,305041.40625,12963.59375,5027.0
511,0.0,0.0,1.0
512,0.0,0.0,1.0
513,0.0,0.0,1.0
514,466089.0625,28321.71875,6338.0
515,7.8125,3.125,1.0
516,0.0,0.0,1.0
517,0.0,0.0,1.0
518,0.0,0.0,1.0
519,3143.75,157.1875,33.0
520,194496.09375,9081.40625,2617.0
521,173103.125,7524.21875,2543.0
522,717667.96875,48314.0625,8953.0
523,29107.8125,2278.4375,427.0
524,129734.375,6387.8125,1669.0
525,31538.28125,2017.8125,425.0
526,311189.84375,18409.53125,4593.0
527,25828.515625,2945.3125,446.0
528,681307.8125,52699.6875,8784.0
529,21184.375,1225.46875,377.0
530,3787.5,383.4375,370.0
531,131476.5625,4328.28125,1907.0
532,0.0,0.0,1.0
533,0.0,0.0,1.0
534,0.0,0.0,1.0
535,0.0,0.0,1.0
536,117066.40625,5466.25,1686.0
537,0.0,0.0,1.0
538,0.0,0.0,1.0
539,0.0,0.0,1.0
540,0.0,0.0,1.0
541,387207.8125,19229.375,5528.0
542,0.0,0.0,1.0
543,0.0,0.0,1.0
544,800.0,40.0,8.0
545,0.0,0.0,1.0
546,195089.0625,9190.78125,2520.0
547,0.0,0.0,1.0
548,457905.46875,24687.1875,6306.0
549,0.0,0.0,1.0
550,0.0,0.0,1.0
551,0.0,0.0,1.0
552,0.0,0.0,1.0
553,800.0,40.0,8.0
554,276475.0,16690.78125,4211.0
555,592062.5,44365.9375,8193.0
556,0.0,0.0,1.0
557,0.0,0.0,1.0
558,0.0,0.0,1.0
559,0.0,0.0,1.0
560,0.0,0.0,1.0
561,0.0,0.0,1.0
562,231067.96875,11752.5,2929.0
563,0.0,0.0,1.0
564,0.0,0.0,1.0
565,429418.75,23613.59375,5869.0
566,0.0,0.0,1.0
567,4887.5,369.375,66.0
568,0.0,0.0,1.0
569,0.0,0.0,1.0
570,0.0,0.0,1.0
571,0.0,0.0,1.0
572,0.0,0.0,1.0
573,156347.65625,7155.46875,2090.0
574,0.0,0.0,1.0
575,0.0,0.0,1.0
576,0.0,0.0,1.0
577,0.0,0.0,1.0
578,0.0,0.0,1.0
579,0.0,0.0,1.0
580,5249.21875,164.6875,67.0
581,0.0,0.0,1.0
582,0.0,0.0,1.0
583,0.0,0.0,1.0
584,247561.71875,12939.0625,3285.0
585,0.0,0.0,1.0
586,129037.5,5220.0,1919.0
587,100009.375,3259.375,1677.0
588,0.0,0.0,1.0
589,0.0,0.0,1.0
590,0.0,0.0,1.0
591,0.0,0.0,1.0
592,0.0,0.0,1.0
593,231491.40625,11522.8125,3816.0
594,133022.65625,6278.59375,1860.0
595,8594.53125,426.09375,139.0
596,158.984375,41.640625,139.0
597,0.0,0.0,1.0
598,0.0,0.0,1.0
599,0.0,0.0,1.0
600,4009.375,190.0,52.0
601,0.0,0.0,1.0
602,0.0,0.0,1.0
603,330945.3125,17932.03125,5551.0
604,0.0,0.0,1.0
605,200143.75,10182.1875,2854.0
606,0.0,0.0,1.0
607,0.0,0.0,1.0
608,0.0,0.0,1.0
609,0.0,0.0,1.0
610,0.0,0.0,1.0
611,189488.28125,9868.90625,2609.0
612,151560.9375,7034.84375,2399.0
613,0.0,0.0,1.0
614,1700.0,42.5,17.0
615,0.0,0.0,1.0
616,0.0,0.0,1.0
617,0.0,0.0,1.0
618,0.0,0.0,1.0
619,0.0,0.0,1.0
620,0.0,0.0,1.0
621,0.0,0.0,1.0
622,0.0,0.0,1.0
623,0.0,0.0,1.0
624,128277.34375,5921.09375,1467.0
625,0.0,0.0,1.0
626,5556.25,177.8125,79.0
627,0.0,0.0,1.0
628,0.0,0.0,1.0
629,148764.84375,6734.21875,2121.0
630,617713.28125,50684.0625,8390.0
631,5.859375,2.34375,1.0
632,0.0,0.0,1.0
633,0.0,0.0,1.0
634,0.0,0.0,1.0
635,0.0,0.0,1.0
636,0.0,0.0,1.0
637,0.0,0.0,1.0
638,0.0,0.0,1.0
639,0.0,0.0,1.0
640,0.0,0.0,1.0
641,0.0,0.0,1.0
642,0.0,0.0,1.0
643,0.0,0.0,1.0
644,849003.125,36493.75,9513.0
645,0.0,0.0,1.0
646,0.0,0.0,1.0
647,117182.8125,5166.71875,1498.0
648,0.0,0.0,1.0
649,0.0,0.0,1.0
650,0.0,0.0,1.0
651,226203.90625,9876.875,3589.0
652,0.0,0.0,1.0
653,0.0,0.0,1.0
654,0.0,0.0,1.0
655,0.0,0.0,1.0
656,158788.28125,6673.4375,2499.0
657,321955.46875,19358.28125,4597.0
658,0.0,0.0,1.0
659,115588.28125,4360.0,1955.0
660,409318.75,22240.3125,6326.0
661,0.0,0.0,1.0
662,0.0,0.0,1.0
663,0.0,0.0,1.0
664,214271.875,12558.90625,2892.0
665,242157.8125,11453.59375,3280.0
666,0.0,0.0,1.0
667,0.0,0.0,1.0
668,3087.5,146.25,33.0
669,9657.8125,495.625,113.0
670,0.0,0.0,1.0
671,0.0,0.0,1.0
672,236590.625,15017.96875,3364.0
673,0.0,0.0,1.0
674,199250.0,8924.375,2624.0
675,0.0,0.0,1.0
676,2600.0,130.0,26.0
677,0.0,0.0,1.0
678,299781.25,13608.90625,4141.0
679,0.0,0.0,1.0
680,0.0,0.0,1.0
681,0.0,0.0,1.0
682,276416.40625,14782.5,4003.0
683,0.0,0.0,1.0
684,0.0,0.0,1.0
685,219040.625,11489.375,3085.0
686,120394.53125,5276.71875,1474.0
687,0.0,0.0,1.0
688,141816.40625,4730.3125,2155.0
689,0.0,0.0,1.0
690,275961.71875,13144.375,4481.0
691,209842.96875,11635.15625,2676.0
692,202457.03125,10636.25,2857.0
693,0.0,0.0,1.0
694,0.0,0.0,1.0
695,0.0,0.0,1.0
696,800.0,40.0,8.0
697,0.0,0.0,1.0
698,0.0,0.0,1.0
699,0.0,0.0,1.0
700,0.0,0.0,1.0
701,0.0,0.0,1.0
702,0.0,0.0,1.0
703,0.0,0.0,1.0
704,0.0,0.0,1.0
705,0.0,0.0,1.0
706,0.0,0.0,1.0
707,0.0,0.0,1.0
708,0.0,0.0,1.0
709,0.0,0.0,1.0
710,10044.53125,483.90625,114.0
711,361369.53125,17803.75,5384.0
712,158135.9375,6483.59375,2373.0
713,293778.90625,13976.09375,4551.0
714,4268.75,160.0,63.0
715,2600.0,81.25,26.0
716,0.0,0.0,1.0
717,0.0,0.0,1.0
718,0.0,0.0,1.0
719,0.0,0.0,1.0
720,0.0,0.0,1.0
721,0.0,0.0,1.0
722,50285.15625,2379.21875,879.0
723,0.0,0.0,1.0
724,0.0,0.0,1.0
725,0.0,0.0,1.0
726,0.0,0.0,1.0
727,0.0,0.0,1.0
728,0.0,0.0,1.0
729,0.0,0.0,1.0
730,0.0,0.0,1.0
731,0.0,0.0,1.0
732,0.0,0.0,1.0
733,0.0,0.0,1.0
734,0.0,0.0,1.0
735,571487.5,38857.65625,7451.0
736,7439.453125,1203.125,770.0
737,296388.28125,17925.625,4127.0
738,0.0,0.0,1.0
739,0.0,0.0,1.0
740,0.0,0.0,1.0
741,503560.15625,28476.5625,6815.0
742,0.0,0.0,1.0
743,0.0,0.0,1.0
744,0.0,0.0,1.0
745,0.0,0.0,1.0
746,0.0,0.0,1.0
747,0.0,0.0,1.0
748,0.0,0.0,1.0
749,0.0,0.0,1.0
750,0.0,0.0,1.0
751,0.0,0.0,1.0
752,134314.0625,6172.65625,1969.0
753,0.0,0.0,1.0
754,583768.75,80652.1875,8047.0
755,511994.53125,32160.3125,7138.0
756,26317.96875,3331.953125,801.0
757,48577.734375,7506.25,775.0
758,32468.75,3829.375,758.0
759,38296.875,4277.34375,436.0
760,39842.1875,3836.09375,436.0
761,334698.4375,16108.4375,5313.0
762,36416.796875,4160.46875,436.0
763,9406.25,682.03125,421.0
764,0.0,0.0,1.0
765,0.0,0.0,1.0
766,0.0,0.0,1.0
767,109524.21875,4139.375,1614.0
768,0.0,0.0,1.0
769,0.0,0.0,1.0
770,0.0,0.0,1.0
771,0.0,0.0,1.0
772,0.0,0.0,1.0
773,272385.9375,14407.5,3771.0
774,198128.125,11832.1875,2819.0
775,388229.6875,23190.625,5459.0
776,740075.0,57093.75,9064.0
777,40579.6875,3258.90625,526.0
778,11287.6953125,1800.15625,467.0
779,0.0,0.0,1.0
780,0.0,0.0,1.0
781,0.0,0.0,1.0
782,0.0,0.0,1.0
783,0.0,0.0,1.0
784,0.0,0.0,1.0
785,0.0,0.0,1.0
786,0.0,0.0,1.0
787,0.0,0.0,1.0
788,65753.125,3722.34375,811.0
789,0.0,0.0,1.0
790,0.0,0.0,1.0
791,0.0,0.0,1.0
792,0.0,0.0,1.0
793,0.0,0.0,1.0
794,126080.46875,4359.53125,1852.0
795,0.0,0.0,1.0
796,0.0,0.0,1.0
797,0.0,0.0,1.0
798,0.0,0.0,1.0
799,0.0,0.0,1.0
800,0.0,0.0,1.0
801,0.0,0.0,1.0
802,178058.59375,9318.59375,2255.0
803,0.0,0.0,1.0
804,0.0,0.0,1.0
805,0.0,0.0,1.0
806,0.0,0.0,1.0
807,0.0,0.0,1.0
808,0.0,0.0,1.0
809,0.0,0.0,1.0
810,0.0,0.0,1.0
811,0.0,0.0,1.0
812,0.0,0.0,1.0
813,0.0,0.0,1.0
814,0.0,0.0,1.0
815,0.0,0.0,1.0
816,0.0,0.0,1.0
817,0.0,0.0,1.0
818,0.0,0.0,1.0
819,204831.25,9196.71875,2774.0
820,0.0,0.0,1.0
821,0.0,0.0,1.0
822,160048.4375,7446.71875,2012.0
823,0.0,0.0,1.0
824,0.0,0.0,1.0
825,69528.90625,3691.5625,808.0
826,126555.46875,5884.375,1862.0
827,65025.78125,3170.15625,847.0
828,0.0,0.0,1.0
829,0.0,0.0,1.0
830,131779.6875,4987.03125,2120.0
831,0.0,0.0,1.0
832,300354.6875,29184.0625,4530.0
833,0.0,0.0,1.0
834,0.0,0.0,1.0
835,0.0,0.0,1.0
836,0.0,0.0,1.0
837,0.0,0.0,1.0
838,207291.40625,11949.0625,2595.0
839,0.0,0.0,1.0
840,0.0,0.0,1.0
841,168274.21875,7590.15625,2534.0
842,5368.75,168.4375,83.0
843,95936.71875,4418.90625,1217.0
844,0.0,0.0,1.0
845,0.0,0.0,1.0
846,533792.1875,30667.1875,7183.0
847,0.0,0.0,1.0
848,416827.34375,23886.25,6016.0
849,608464.84375,34025.9375,7904.0
850,0.0,0.0,1.0
851,0.0,0.0,1.0
852,0.0,0.0,1.0
853,0.0,0.0,1.0
854,0.0,0.0,1.0
855,61492.1875,3780.15625,807.0
856,0.0,0.0,1.0
857,0.0,0.0,1.0
858,0.0,0.0,1.0
859,175439.84375,8864.6875,2228.0
860,0.0,0.0,1.0
861,0.0,0.0,1.0
862,108555.46875,4161.875,1532.0
863,0.0,0.0,1.0
864,0.0,0.0,1.0
865,0.0,0.0,1.0
866,0.0,0.0,1.0
867,0.0,0.0,1.0
868,0.0,0.0,1.0
869,0.0,0.0,1.0
870,0.0,0.0,1.0
871,0.0,0.0,1.0
872,0.0,0.0,1.0
873,154371.09375,7222.5,2273.0
874,0.0,0.0,1.0
875,0.0,0.0,1.0
876,0.0,0.0,1.0
877,612320.3125,39011.09375,8178.0
878,2.9296875,1.171875,1.0
879,0.0,0.0,1.0
880,0.0,0.0,1.0
881,0.0,0.0,1.0
882,0.0,0.0,1.0
883,152184.375,6435.0,2164.0
884,4212.5,184.0625,71.0
885,0.0,0.0,1.0
886,336744.53125,17312.5,5597.0
887,192960.9375,11587.65625,2809.0
888,0.0,0.0,1.0
889,302696.875,17452.03125,4527.0
890,0.0,0.0,1.0
891,144742.96875,7020.15625,1794.0
892,800.0,40.0,8.0
893,0.0,0.0,1.0
894,358935.9375,21462.34375,5258.0
895,193639.0625,13679.21875,2527.0
896,0.0,0.0,1.0
897,253335.9375,17814.6875,3132.0
898,0.0,0.0,1.0
899,0.0,0.0,1.0
900,206618.75,11543.59375,2819.0
901,0.0,0.0,1.0
902,0.0,0.0,1.0
903,0.0,0.0,1.0
904,0.0,0.0,1.0
905,0.0,0.0,1.0
906,245757.03125,12805.46875,3683.0
907,0.0,0.0,1.0
908,0.0,0.0,1.0
909,0.0,0.0,1.0
910,0.0,0.0,1.0
911,0.0,0.0,1.0
912,0.0,0.0,1.0
913,130659.375,7411.40625,1639.0
914,393689.84375,21487.03125,5679.0
915,112908.59375,4301.71875,1324.0
916,0.0,0.0,1.0
917,0.0,0.0,1.0
918,0.0,0.0,1.0
919,0.0,0.0,1.0
920,0.0,0.0,1.0
921,0.0,0.0,1.0
922,0.0,0.0,1.0
923,0.0,0.0,1.0
924,0.0,0.0,1.0
925,0.0,0.0,1.0
926,0.0,0.0,1.0
927,0.0,0.0,1.0
928,84703.125,3971.71875,1164.0
929,0.0,0.0,1.0
930,0.0,0.0,1.0
931,0.0,0.0,1.0
932,244644.53125,12926.40625,3354.0
933,2600.0,130.0,26.0
934,0.0,0.0,1.0
935,446657.03125,25580.15625,6358.0
936,0.0,0.0,1.0
937,0.0,0.0,1.0
938,64089.84375,3602.96875,775.0
939,262678.90625,14891.5625,4218.0
940,53042.1875,2915.3125,776.0
941,119522.65625,4515.0,1787.0
942,0.0,0.0,1.0
943,0.0,0.0,1.0
944,0.0,0.0,1.0
945,0.0,0.0,1.0
946,0.0,0.0,1.0
947,0.0,0.0,1.0
948,0.0,0.0,1.0
949,0.0,0.0,1.0
950,0.0,0.0,1.0
951,0.0,0.0,1.0
952,0.0,0.0,1.0
953,0.0,0.0,1.0
954,275841.40625,13488.90625,4497.0
955,0.0,0.0,1.0
956,0.0,0.0,1.0
957,0.0,0.0,1.0
958,0.0,0.0,1.0
959,2950.0,147.5,32.0
960,56125.78125,2622.34375,776.0
961,0.0,0.0,1.0
962,307679.6875,14135.625,4818.0
963,0.0,0.0,1.0
964,0.0,0.0,1.0
965,178921.09375,9282.8125,2653.0
966,818354.6875,34110.3125,9512.0
967,0.0,0.0,1.0
968,0.0,0.0,1.0
969,97579.6875,3884.6875,1306.0
970,208988.28125,10165.46875,3166.0
971,4050.0,178.59375,72.0
972,253950.78125,13385.9375,3996.0
973,0.0,0.0,1.0
974,0.0,0.0,1.0
975,919168.75,11522.65625,9590.0
976,0.0,0.0,1.0
977,0.0,0.0,1.0
978,0.0,0.0,1.0
979,0.0,0.0,1.0
980,0.0,0.0,1.0
981,0.0,0.0,1.0
982,253396.09375,15640.15625,3697.0
983,289449.21875,16117.8125,4217.0
984,237347.65625,14042.1875,3136.0
985,128933.59375,5309.6875,1998.0
986,0.0,0.0,1.0
987,0.0,0.0,1.0
988,0.0,0.0,1.0
989,414278.125,21658.4375,6301.0
990,1642.1875,333.046875,303.0
991,520065.625,32600.78125,7301.0
992,0.0,0.0,1.0
993,0.0,0.0,1.0
994,0.0,0.0,1.0
995,0.0,0.0,1.0
996,0.0,0.0,1.0
997,123046.09375,4370.9375,1914.0
998,130750.0,6535.0,1908.0
999,0.0,0.0,1.0
1000,0.0,0.0,1.0
1001,0.0,0.0,1.0
1002,0.0,0.0,1.0
1003,0.0,0.0,1.0
1004,109610.15625,4189.0625,1612.0
1005,0.0,0.0,1.0
1006,0.0,0.0,1.0
1007,130138.28125,7197.5,1477.0
1008,435951.5625,23172.96875,6276.0
1009,198489.0625,9746.09375,2832.0
1010,2133.59375,232.8125,298.0
1011,0.0,0.0,1.0
1012,0.0,0.0,1.0
1013,160073.4375,7391.40625,1932.0
1014,0.0,0.0,1.0
1015,0.0,0.0,1.0
1016,0.0,0.0,1.0
1017,0.0,0.0,1.0
1018,0.0,0.0,1.0
1019,0.0,0.0,1.0
1020,0.0,0.0,1.0
1021,1700.0,42.5,17.0
1022,0.0,0.0,1.0
1023,0.0,0.0,1.0
1024,387298.4375,19847.34375,5854.0
1025,3213.28125,122.03125,41.0
1026,183338.28125,9139.21875,2324.0
1027,692842.96875,88723.125,8556.0
1028,0.0,0.0,1.0
1029,0.0,0.0,1.0
1030,0.0,0.0,1.0
1031,0.0,0.0,1.0
1032,168984.375,9041.09375,2179.0
1033,0.0,0.0,1.0
1034,235183.59375,16120.9375,3236.0
1035,187384.375,8784.84375,2649.0
1036,0.0,0.0,1.0
1037,270885.15625,13748.28125,4288.0
1038,154432.03125,7350.625,2282.0
1039,0.0,0.0,1.0
1040,0.0,0.0,1.0
1041,0.0,0.0,1.0
1042,255220.3125,12252.1875,4242.0
1043,0.0,0.0,1.0
1044,231978.90625,10820.46875,3778.0
1045,0.0,0.0,1.0
1046,0.0,0.0,1.0
1047,0.0,0.0,1.0
1048,0.0,0.0,1.0
1049,0.0,0.0,1.0
1050,696847.65625,53547.96875,9180.0
1051,0.0,0.0,1.0
1052,193253.90625,10008.28125,2724.0
1053,0.0,0.0,1.0
1054,0.0,0.0,1.0
1055,0.0,0.0,1.0
1056,291905.46875,13622.34375,4577.0
1057,0.0,0.0,1.0
1058,0.0,0.0,1.0
1059,0.0,0.0,1.0
1060,0.0,0.0,1.0
1061,0.0,0.0,1.0
1062,0.0,0.0,1.0
1063,0.0,0.0,1.0
1064,0.0,0.0,1.0
1065,254995.3125,15612.34375,3603.0
1066,147921.875,6083.90625,2272.0
1067,0.0,0.0,1.0
1068,153644.53125,6683.125,2084.0
1069,134891.40625,5677.65625,1827.0
1070,439032.8125,25771.5625,6725.0
1071,23869.53125,2550.625,346.0
1072,467171.875,28726.71875,6598.0
1073,14274.21875,2486.09375,335.0
1074,19965.625,2283.59375,303.0
1075,0.0,0.0,1.0
1076,241014.0625,11962.03125,3883.0
1077,800.0,40.0,8.0
1078,0.0,0.0,1.0
1079,0.0,0.0,1.0
1080,111274.21875,4409.53125,1602.0
1081,208919.53125,11399.21875,2926.0
1082,0.0,0.0,1.0
1083,0.0,0.0,1.0
1084,547734.375,34902.34375,7243.0
1085,312573.4375,15541.25,4432.0
1086,64.453125,25.78125,78.0
1087,0.0,0.0,1.0
1088,144871.09375,5883.59375,2193.0
1089,0.0,0.0,1.0
1090,5018.75,150.9375,84.0
1091,102942.1875,4323.59375,1611.0
1092,0.0,0.0,1.0
1093,0.0,0.0,1.0
1094,0.0,0.0,1.0
1095,0.0,0.0,1.0
1096,115892.1875,4096.5625,1851.0
1097,0.0,0.0,1.0
1098,0.0,0.0,1.0
1099,0.0,0.0,1.0
1100,0.0,0.0,1.0
1101,0.0,0.0,1.0
1102,0.0,0.0,1.0
1103,0.0,0.0,1.0
1104,0.0,0.0,1.0
1105,0.0,0.0,1.0
1106,89332.03125,3118.28125,1233.0
1107,0.0,0.0,1.0
1108,0.0,0.0,1.0
1109,0.0,0.0,1.0
1110,120033.59375,4588.90625,1601.0
1111,0.0,0.0,1.0
1112,182803.125,7971.71875,2476.0
1113,0.0,0.0,1.0
1114,0.0,0.0,1.0
1115,0.0,0.0,1.0
1116,0.0,0.0,1.0
1117,0.0,0.0,1.0
1118,0.0,0.0,1.0
1119,0.0,0.0,1.0
1120,0.0,0.0,1.0
1121,0.0,0.0,1.0
1122,0.0,0.0,1.0
1123,273799.21875,13865.9375,4217.0
1124,0.0,0.0,1.0
1125,127981.25,17019.0625,1959.0
1126,0.0,0.0,1.0
1127,0.0,0.0,1.0
1128,0.0,0.0,1.0
1129,0.0,0.0,1.0
1130,0.0,0.0,1.0
1131,0.0,0.0,1.0
1132,0.0,0.0,1.0
1133,0.0,0.0,1.0
1134,0.0,0.0,1.0
1135,61606.25,3049.53125,861.0
1136,0.0,0.0,1.0
1137,0.0,0.0,1.0
1138,0.0,0.0,1.0
1139,0.0,0.0,1.0
1140,517814.84375,31583.59375,6596.0
1141,239522.65625,15428.75,3407.0
1142,0.0,0.0,1.0
1143,0.0,0.0,1.0
1144,130326.5625,5063.125,2025.0
1145,0.0,0.0,1.0
1146,182082.8125,8112.65625,2760.0
1147,0.0,0.0,1.0
1148,0.0,0.0,1.0
1149,0.0,0.0,1.0
1150,0.0,0.0,1.0
1151,0.0,0.0,1.0
1152,0.0,0.0,1.0
1153,0.0,0.0,1.0
1154,0.0,0.0,1.0
1155,0.0,0.0,1.0
1156,0.0,0.0,1.0
1157,5018.75,179.6875,75.0
1158,1681.25,43.28125,17.0
1159,0.0,0.0,1.0
1160,0.0,0.0,1.0
1161,0.0,0.0,1.0
1162,0.0,0.0,1.0
1163,0.0,0.0,1.0
1164,8069.53125,351.71875,114.0
1165,0.0,0.0,1.0
1166,0.0,0.0,1.0
1167,0.0,0.0,1.0
1168,0.0,0.0,1.0
1169,204268.75,10526.09375,3060.0
1170,564507.03125,32751.875,7310.0
1171,0.0,0.0,1.0
1172,115191.40625,4838.125,1545.0
1173,0.0,0.0,1.0
1174,0.0,0.0,1.0
1175,0.0,0.0,1.0
1176,0.0,0.0,1.0
1177,0.0,0.0,1.0
1178,0.0,0.0,1.0
1179,0.0,0.0,1.0
1180,270207.03125,14089.21875,3994.0
1181,536807.8125,32109.21875,7396.0
1182,409554.6875,22288.59375,6276.0
1183,216860.15625,13252.8125,3020.0
1184,2744.3359375,679.6875,431.0
1185,0.0,0.0,1.0
1186,185368.75,24725.0,2770.0
1187,0.0,0.0,1.0
1188,0.0,0.0,1.0
1189,430947.65625,25685.15625,6103.0
1190,0.0,0.0,1.0
1191,0.0,0.0,1.0
1192,0.0,0.0,1.0
1193,0.0,0.0,1.0
1194,0.0,0.0,1.0
1195,0.0,0.0,1.0
1196,0.0,0.0,1.0
1197,2600.0,130.0,26.0
1198,0.0,0.0,1.0
1199,0.0,0.0,1.0
1200,0.0,0.0,1.0
1201,0.0,0.0,1.0
1202,0.0,0.0,1.0
1203,0.0,0.0,1.0
1204,187751.5625,11757.34375,2333.0
1205,0.0,0.0,1.0
1206,0.0,0.0,1.0
1207,0.0,0.0,1.0
1208,0.0,0.0,1.0
1209,0.0,0.0,1.0
1210,259905.46875,15693.59375,4200.0
1211,0.0,0.0,1.0
1212,0.0,0.0,1.0
1213,0.0,0.0,1.0
1214,0.0,0.0,1.0
1215,0.0,0.0,1.0
1216,0.0,0.0,1.0
1217,0.0,0.0,1.0
1218,0.0,0.0,1.0
1219,0.0,0.0,1.0
1220,0.0,0.0,1.0
1221,0.0,0.0,1.0
1222,86070.3125,2366.5625,1310.0
1223,0.0,0.0,1.0
1224,355488.28125,18844.21875,5414.0
1225,0.0,0.0,1.0
1226,339809.375,15337.65625,4798.0
1227,0.0,0.0,1.0
1228,0.0,0.0,1.0
1229,0.0,0.0,1.0
1230,0.0,0.0,1.0
1231,0.0,0.0,1.0
1232,0.0,0.0,1.0
1233,0.0,0.0,1.0
1234,355336.71875,19335.46875,5732.0
1235,302875.78125,14142.8125,4843.0
1236,0.0,0.0,1.0
1237,0.0,0.0,1.0
1238,202085.9375,10180.78125,2945.0
1239,0.0,0.0,1.0
1240,0.0,0.0,1.0
1241,0.0,0.0,1.0
1242,0.0,0.0,1.0
1243,0.0,0.0,1.0
1244,218721.875,12432.1875,3294.0
1245,0.0,0.0,1.0
1246,0.0,0.0,1.0
1247,0.0,0.0,1.0
1248,0.0,0.0,1.0
1249,0.0,0.0,1.0
1250,0.0,0.0,1.0
1251,0.0,0.0,1.0
1252,0.0,0.0,1.0
1253,0.0,0.0,1.0
1254,0.0,0.0,1.0
1255,0.0,0.0,1.0
1256,0.0,0.0,1.0
1257,0.0,0.0,1.0
1258,0.0,0.0,1.0
1259,0.0,0.0,1.0
1260,0.0,0.0,1.0
1261,0.0,0.0,1.0
1262,0.0,0.0,1.0
1263,0.0,0.0,1.0
1264,0.0,0.0,1.0
1265,0.0,0.0,1.0
1266,0.0,0.0,1.0
1267,243760.15625,11341.875,3763.0
1268,0.0,0.0,1.0
1269,0.0,0.0,1.0
1270,5243.75,170.78125,64.0
1271,0.0,0.0,1.0
1272,0.0,0.0,1.0
1273,0.0,0.0,1.0
1274,0.0,0.0,1.0
1275,0.0,0.0,1.0
1276,0.0,0.0,1.0
1277,344842.1875,19218.4375,5060.0
1278,0.0,0.0,1.0
1279,0.0,0.0,1.0
1280,178409.375,9009.0625,2528.0
1281,0.0,0.0,1.0
1282,0.0,0.0,1.0
1283,0.0,0.0,1.0
1284,0.0,0.0,1.0
1285,107819.53125,3952.5,1565.0
1286,125862.5,5057.1875,1583.0
1287,0.0,0.0,1.0
1288,0.0,0.0,1.0
1289,0.0,0.0,1.0
1290,0.0,0.0,1.0
1291,0.0,0.0,1.0
1292,0.0,0.0,1.0
1293,0.0,0.0,1.0
1294,0.0,0.0,1.0
1295,0.0,0.0,1.0
1296,0.0,0.0,1.0
1297,0.0,0.0,1.0
1298,0.0,0.0,1.0
1299,0.0,0.0,1.0
1300,0.0,0.0,1.0
1301,0.0,0.0,1.0
1302,0.0,0.0,1.0
1303,357625.78125,16622.5,5193.0
1304,121358.59375,4945.625,1831.0
1305,0.0,0.0,1.0
1306,0.0,0.0,1.0
1307,0.0,0.0,1.0
1308,71134.375,4280.15625,856.0
1309,0.0,0.0,1.0
1310,0.0,0.0,1.0
1311,200835.15625,11835.3125,2709.0
1312,0.0,0.0,1.0
1313,0.0,0.0,1.0
1314,0.0,0.0,1.0
1315,0.0,0.0,1.0
1316,304296.875,14843.4375,4407.0
1317,308821.09375,16282.03125,4993.0
1318,328.515625,131.40625,79.0
1319,0.0,0.0,1.0
1320,0.0,0.0,1.0
1321,0.0,0.0,1.0
1322,0.0,0.0,1.0
1323,0.0,0.0,1.0
1324,104030.46875,4637.65625,1299.0
1325,103466.40625,3806.09375,1392.0
1326,0.0,0.0,1.0
1327,0.0,0.0,1.0
1328,427071.09375,25915.46875,5998.0
1329,125.0,25.0,57.0
1330,204324.21875,9201.71875,2739.0
1331,2993.75,149.6875,32.0
1332,0.0,0.0,1.0
1333,800.0,40.0,8.0
1334,143175.0,4777.5,1992.0
1335,0.0,0.0,1.0
1336,0.0,0.0,1.0
1337,0.0,0.0,1.0
1338,0.0,0.0,1.0
1339,0.0,0.0,1.0
1340,191879.6875,11785.9375,2645.0
1341,0.0,0.0,1.0
1342,0.0,0.0,1.0
1343,0.0,0.0,1.0
1344,0.0,0.0,1.0
1345,0.0,0.0,1.0
1346,0.0,0.0,1.0
1347,0.0,0.0,1.0
1348,0.0,0.0,1.0
1349,0.0,0.0,1.0
1350,800.0,40.0,8.0
1351,139148.4375,6044.375,1734.0
1352,0.0,0.0,1.0
1353,0.0,0.0,1.0
1354,0.0,0.0,1.0
1355,0.0,0.0,1.0
1356,265338.28125,13773.59375,4301.0
1357,145391.40625,7554.84375,2202.0
1358,0.0,0.0,1.0
1359,0.0,0.0,1.0
1360,0.0,0.0,1.0
1361,0.0,0.0,1.0
1362,7815.625,610.0,114.0
1363,0.0,0.0,1.0
1364,0.0,0.0,1.0
1365,0.0,0.0,1.0
1366,270775.0,14614.6875,3862.0
1367,0.0,0.0,1.0
1368,339672.65625,14637.8125,5719.0
1369,0.0,0.0,1.0
1370,0.0,0.0,1.0
1371,4812.5,188.125,79.0
1372,0.0,0.0,1.0
1373,0.0,0.0,1.0
1374,0.0,0.0,1.0
1375,0.0,0.0,1.0
1376,0.0,0.0,1.0
1377,0.0,0.0,1.0
1378,0.0,0.0,1.0
1379,108212.5,4599.6875,1653.0
1380,0.0,0.0,1.0
1381,0.0,0.0,1.0
1382,374069.53125,19100.3125,5374.0
1383,0.0,0.0,1.0
1384,0.0,0.0,1.0
1385,0.0,0.0,1.0
1386,0.0,0.0,1.0
1387,128361.71875,5243.4375,1957.0
1388,0.0,0.0,1.0
1389,0.0,0.0,1.0
1390,0.0,0.0,1.0
1391,0.0,0.0,1.0
1392,169428.90625,8266.875,2319.0
1393,1442.96875,208.515625,215.0
1394,0.0,0.0,1.0
1395,0.0,0.0,1.0
1396,449488.28125,23287.03125,6325.0
1397,0.0,0.0,1.0
1398,0.0,0.0,1.0
1399,0.0,0.0,1.0
1400,293828.90625,13660.625,4740.0
1401,667857.8125,44865.0,8293.0
1402,234669.53125,11553.90625,3752.0
1403,0.0,0.0,1.0
1404,0.0,0.0,1.0
1405,0.0,0.0,1.0
1406,0.0,0.0,1.0
1407,0.0,0.0,1.0
1408,0.0,0.0,1.0
1409,305723.4375,15939.0625,5092.0
1410,0.0,0.0,1.0
1411,0.0,0.0,1.0
1412,134999.21875,4478.90625,1992.0
1413,0.0,0.0,1.0
1414,0.0,0.0,1.0
1415,0.0,0.0,1.0
1416,228394.53125,16130.625,3113.0
1417,0.0,0.0,1.0
1418,0.0,0.0,1.0
1419,0.0,0.0,1.0
1420,0.0,0.0,1.0
1421,0.0,0.0,1.0
1422,641709.375,45406.40625,8186.0
1423,0.0,0.0,1.0
1424,256128.125,13214.0625,3934.0
1425,0.0,0.0,1.0
1426,0.0,0.0,1.0
1427,0.0,0.0,1.0
1428,0.0,0.0,1.0
1429,0.0,0.0,1.0
1430,410844.53125,29017.03125,6159.0
1431,0.0,0.0,1.0
1432,173354.6875,8791.40625,2467.0
1433,0.0,0.0,1.0
1434,0.0,0.0,1.0
1435,0.0,0.0,1.0
1436,231213.28125,11748.125,2936.0
1437,0.0,0.0,1.0
1438,0.0,0.0,1.0
1439,0.0,0.0,1.0
1440,0.0,0.0,1.0
1441,2600.0,130.0,26.0
1442,0.0,0.0,1.0
1443,0.0,0.0,1.0
1444,212727.34375,10543.4375,3024.0
1445,139411.71875,7148.59375,2089.0
1446,0.0,0.0,1.0
1447,0.0,0.0,1.0
1448,800.0,40.0,8.0
1449,109960.15625,3917.34375,1496.0
1450,0.0,0.0,1.0
1451,0.0,0.0,1.0
1452,0.0,0.0,1.0
1453,264466.40625,14196.5625,3496.0
1454,98550.0,3007.34375,1406.0
1455,199564.0625,10322.03125,2887.0
1456,0.0,0.0,1.0
1457,0.0,0.0,1.0
1458,683618.75,52050.15625,8947.0
1459,23629.8828125,2343.671875,478.0
1460,561525.0,37613.90625,6984.0
1461,688944.53125,48206.40625,8753.0
1462,78377.34375,4890.0,1229.0
1463,696289.0625,55273.90625,9033.0
1464,286740.625,13675.78125,4212.0
1465,146806.25,6859.375,2156.0
1466,26479.6875,2303.90625,332.0
1467,435860.15625,26491.5625,6200.0
1468,23990.625,3891.71875,332.0
1469,142803.125,6246.25,2006.0
1470,26375.78125,2190.0,321.0
1471,141209.375,6210.625,2020.0
1472,231798.4375,11345.3125,3984.0
1473,0.0,0.0,1.0
1474,122485.15625,4434.21875,1555.0
1475,0.0,0.0,1.0
1476,118904.6875,5652.03125,1579.0
1477,0.0,0.0,1.0
1478,0.0,0.0,1.0
1479,5043.75,152.1875,80.0
1480,0.0,0.0,1.0
1481,207286.71875,11722.8125,3004.0
1482,152025.0,6512.8125,2010.0
1483,297222.65625,13163.59375,4487.0
1484,0.0,0.0,1.0
1485,126641.40625,3955.78125,1742.0
1486,0.0,0.0,1.0
1487,0.0,0.0,1.0
1488,0.0,0.0,1.0
1489,0.0,0.0,1.0
1490,0.0,0.0,1.0
1491,0.0,0.0,1.0
1492,132189.0625,5703.59375,2141.0
1493,0.0,0.0,1.0
1494,1650.0,42.5,17.0
1495,699188.28125,49318.125,8772.0
1496,0.0,0.0,1.0
1497,0.0,0.0,1.0
1498,0.0,0.0,1.0
1499,0.0,0.0,1.0
1500,0.0,0.0,1.0
1501,0.0,0.0,1.0
1502,0.0,0.0,1.0
1503,0.0,0.0,1.0
1504,0.0,0.0,1.0
1505,0.0,0.0,1.0
1506,0.0,0.0,1.0
1507,0.0,0.0,1.0
1508,0.0,0.0,1.0
1509,0.0,0.0,1.0
1510,0.0,0.0,1.0
1511,0.0,0.0,1.0
1512,0.0,0.0,1.0
1513,122812.5,4703.59375,1624.0
1514,0.0,0.0,1.0
1515,0.0,0.0,1.0
1516,0.0,0.0,1.0
1517,0.0,0.0,1.0
1518,0.0,0.0,1.0
1519,200844.53125,12193.75,3148.0
1520,0.0,0.0,1.0
1521,0.0,0.0,1.0
1522,0.0,0.0,1.0
1523,0.0,0.0,1.0
1524,0.0,0.0,1.0
1525,0.0,0.0,1.0
1526,0.0,0.0,1.0
1527,0.0,0.0,1.0
1528,0.0,0.0,1.0
1529,0.0,0.0,1.0
1530,0.0,0.0,1.0
1531,0.0,0.0,1.0
1532,0.0,0.0,1.0
1533,0.0,0.0,1.0
1534,0.0,0.0,1.0
1535,0.0,0.0,1.0
1536,0.0,0.0,1.0
1537,254021.875,10895.3125,3817.0
1538,410871.09375,25665.625,5969.0
1539,0.0,0.0,1.0
1540,0.0,0.0,1.0
1541,111703.90625,3317.34375,1674.0
1542,205560.9375,9482.96875,2930.0
1543,857604.6875,38606.71875,9587.0
1544,0.0,0.0,1.0
1545,0.0,0.0,1.0
1546,0.0,0.0,1.0
1547,146517.96875,7420.0,1686.0
1548,250549.21875,13259.84375,3997.0
1549,0.0,0.0,1.0
1550,0.0,0.0,1.0
1551,0.0,0.0,1.0
1552,2937.5,146.875,33.0
1553,152903.90625,6502.5,2183.0
1554,0.0,0.0,1.0
1555,0.0,0.0,1.0
1556,0.0,0.0,1.0
1557,288188.28125,15089.6875,3843.0
1558,0.0,0.0,1.0
1559,0.0,0.0,1.0
1560,262205.46875,13267.03125,4203.0
1561,6150.0,211.875,78.0
1562,678252.34375,50128.28125,8325.0
1563,122446.875,4718.125,1809.0
1564,13346.09375,773.90625,295.0
1565,186229.6875,9627.96875,2468.0
1566,759.375,151.875,49.0
1567,0.0,0.0,1.0
1568,206396.875,10320.46875,2787.0
1569,0.0,0.0,1.0
1570,0.0,0.0,1.0
1571,0.0,0.0,1.0
1572,0.0,0.0,1.0
1573,0.0,0.0,1.0
1574,0.0,0.0,1.0
1575,132014.84375,5280.625,2076.0
1576,0.0,0.0,1.0
1577,0.0,0.0,1.0
1578,0.0,0.0,1.0
1579,0.0,0.0,1.0
1580,0.0,0.0,1.0
1581,141749.21875,7284.84375,1811.0
1582,0.0,0.0,1.0
1583,0.0,0.0,1.0
1584,0.0,0.0,1.0
1585,0.0,0.0,1.0
1586,0.0,0.0,1.0
1587,387116.40625,19524.53125,5716.0
1588,0.0,0.0,1.0
1589,0.0,0.0,1.0
1590,0.0,0.0,1.0
1591,0.0,0.0,1.0
1592,0.0,0.0,1.0
1593,132833.59375,5635.78125,1704.0
1594,147588.28125,7820.46875,2033.0
1595,0.0,0.0,1.0
1596,319930.46875,15560.3125,4894.0
1597,65720.3125,3222.03125,809.0
1598,0.0,0.0,1.0
1599,232395.3125,10458.28125,3795.0
1600,65042.96875,3423.4375,971.0
1601,0.0,0.0,1.0
1602,0.0,0.0,1.0
1603,0.0,0.0,1.0
1604,0.0,0.0,1.0
1605,0.0,0.0,1.0
1606,0.0,0.0,1.0
1607,0.0,0.0,1.0
1608,0.0,0.0,1.0
1609,0.0,0.0,1.0
1610,0.0,0.0,1.0
1611,0.0,0.0,1.0
1612,0.0,0.0,1.0
1613,0.0,0.0,1.0
1614,0.0,0.0,1.0
1615,800.0,40.0,8.0
1616,0.0,0.0,1.0
1617,0.0,0.0,1.0
1618,0.0,0.0,1.0
1619,0.0,0.0,1.0
1620,131884.375,7606.40625,2008.0
1621,128083.59375,6447.03125,2051.0
1622,106477.34375,3911.5625,1534.0
1623,0.0,0.0,1.0
1624,0.0,0.0,1.0
1625,0.0,0.0,1.0
1626,0.0,0.0,1.0
1627,0.0,0.0,1.0
1628,0.0,0.0,1.0
1629,0.0,0.0,1.0
1630,0.0,0.0,1.0
1631,0.0,0.0,1.0
1632,0.0,0.0,1.0
1633,0.0,0.0,1.0
1634,0.0,0.0,1.0
1635,0.0,0.0,1.0
1636,0.0,0.0,1.0
1637,0.0,0.0,1.0
1638,0.0,0.0,1.0
1639,188300.78125,8900.3125,2526.0
1640,0.0,0.0,1.0
1641,0.0,0.0,1.0
1642,0.0,0.0,1.0
1643,114548.4375,4471.40625,1671.0
1644,0.0,0.0,1.0
1645,0.0,0.0,1.0
1646,0.0,0.0,1.0
1647,0.0,0.0,1.0
1648,0.0,0.0,1.0
1649,0.0,0.0,1.0
1650,0.0,0.0,1.0
1651,2600.0,121.875,26.0
1652,1668.75,42.96875,17.0
1653,124007.03125,3610.0,1906.0
1654,266390.625,13043.75,3986.0
1655,396761.71875,22808.75,5660.0
1656,286742.96875,14782.34375,4200.0
1657,389417.1875,20832.65625,6053.0
1658,0.0,0.0,1.0
1659,0.0,0.0,1.0
1660,500.0,12.5,5.0
1661,0.0,0.0,1.0
1662,0.0,0.0,1.0
1663,0.0,0.0,1.0
1664,0.0,0.0,1.0
1665,0.0,0.0,1.0
1666,0.0,0.0,1.0
1667,0.0,0.0,1.0
1668,0.0,0.0,1.0
1669,0.0,0.0,1.0
1670,0.0,0.0,1.0
1671,0.0,0.0,1.0
1672,0.0,0.0,1.0
1673,0.0,0.0,1.0
1674,0.0,0.0,1.0
1675,0.0,0.0,1.0
1676,800.0,40.0,8.0
1677,444392.1875,25200.9375,6334.0
1678,331873.4375,16672.5,5386.0
1679,238911.71875,11688.90625,3189.0
1680,0.0,0.0,1.0
1681,0.0,0.0,1.0
1682,10475.0,531.875,114.0
1683,232908.59375,12408.4375,3725.0
1684,4145.703125,737.8125,294.0
1685,371044.53125,20267.03125,5554.0
1686,0.0,0.0,1.0
1687,390012.5,22338.75,5561.0
1688,0.0,0.0,1.0
1689,0.0,0.0,1.0
1690,0.0,0.0,1.0
1691,0.0,0.0,1.0
1692,0.0,0.0,1.0
1693,0.0,0.0,1.0
1694,122681.25,5868.28125,1488.0
1695,0.0,0.0,1.0
1696,0.0,0.0,1.0
1697,0.0,0.0,1.0
1698,0.0,0.0,1.0
1699,0.0,0.0,1.0
1700,0.0,0.0,1.0
1701,0.0,0.0,1.0
1702,0.0,0.0,1.0
1703,0.0,0.0,1.0
1704,0.0,0.0,1.0
1705,0.0,0.0,1.0
1706,573796.09375,30353.4375,7706.0
1707,0.0,0.0,1.0
1708,0.0,0.0,1.0
1709,0.0,0.0,1.0
1710,3675.0,183.75,61.0
1711,297942.96875,14231.09375,4917.0
1712,163067.96875,7542.34375,2309.0
1713,0.0,0.0,1.0
1714,255412.5,13947.34375,3999.0
1715,187021.09375,10382.03125,2481.0
1716,0.0,0.0,1.0
1717,0.0,0.0,1.0
1718,0.0,0.0,1.0
1719,0.0,0.0,1.0
1720,0.0,0.0,1.0
1721,133542.1875,5844.84375,2082.0
1722,0.0,0.0,1.0
1723,0.0,0.0,1.0
1724,0.0,0.0,1.0
1725,0.0,0.0,1.0
1726,447586.71875,23285.78125,5904.0
1727,4.296875,1.7187500000000002,1.0
1728,0.0,0.0,1.0
1729,0.0,0.0,1.0
1730,0.0,0.0,1.0
1731,0.0,0.0,1.0
1732,275546.875,15502.5,3860.0
1733,0.0,0.0,1.0
1734,0.0,0.0,1.0
1735,598963.28125,39071.25,7603.0
1736,175194.53125,9154.21875,2173.0
1737,30385.15625,1590.46875,403.0
1738,1125.390625,537.96875,285.0
1739,275612.5,20493.4375,4243.0
1740,419348.4375,24466.875,6370.0
1741,7549.21875,1714.21875,300.0
1742,8026.953125,1289.0625,324.0
1743,0.0,0.0,1.0
1744,0.0,0.0,1.0
1745,239646.09375,13385.78125,3811.0
1746,0.0,0.0,1.0
1747,62987.5,3303.90625,915.0
1748,0.0,0.0,1.0
1749,324639.0625,18075.3125,5091.0
1750,141143.75,6640.9375,1731.0
1751,0.0,0.0,1.0
1752,0.0,0.0,1.0
1753,0.0,0.0,1.0
1754,0.0,0.0,1.0
1755,0.0,0.0,1.0
1756,0.0,0.0,1.0
1757,0.0,0.0,1.0
1758,0.0,0.0,1.0
1759,151178.125,6316.875,2209.0
1760,0.0,0.0,1.0
1761,597338.28125,37246.25,7871.0
1762,44662.890625,5817.96875,490.0
1763,42427.34375,4265.46875,491.0
1764,43788.28125,8408.125,486.0
1765,138996.09375,6680.15625,1632.0
1766,48039.0625,2592.1875,510.0
1767,44024.609375,6400.0,484.0
1768,664727.34375,49624.53125,8505.0
1769,384292.1875,26230.15625,5949.0
1770,67472.265625,7776.40625,719.0
1771,68687.5,7960.15625,711.0
1772,64450.0,7563.28125,704.0
1773,64510.546875,6218.75,702.0
1774,58669.53125,3231.71875,681.0
1775,57042.96875,5421.25,680.0
1776,22349.21875,1695.625,227.0
1777,222717.96875,8361.71875,2836.0
1778,22168.75,1591.40625,225.0
1779,22268.75,660.46875,223.0
1780,22164.84375,2074.53125,223.0
1781,22093.75,621.25,221.0
1782,21946.09375,1801.40625,221.0
1783,21498.4375,2315.3125,219.0
1784,20961.71875,2691.40625,217.0
1785,20115.625,2607.34375,215.0
1786,19899.21875,2168.28125,214.0
1787,54618.75,3597.96875,911.0
1788,19993.75,2531.875,212.0
1789,20073.828125,2144.84375,208.0
1790,410260.9375,20700.0,5757.0
1791,19303.515625,2100.15625,203.0
1792,18266.40625,1795.3125,201.0
1793,20300.0,672.65625,206.0
1794,16431.25,1970.46875,197.0
1795,215060.15625,12276.875,2799.0
1796,12939.84375,1304.6875,145.0
1797,269808.59375,14896.5625,4111.0
1798,13047.65625,1593.28125,424.0
1799,2159.375,209.84375,100.0
1800,0.0,0.0,1.0
1801,0.0,0.0,1.0
1802,0.0,0.0,1.0
1803,0.0,0.0,1.0
1804,296123.4375,11667.34375,4448.0
1805,0.0,0.0,1.0
1806,70612.5,4498.75,892.0
1807,0.0,0.0,1.0
1808,696333.59375,47740.9375,8875.0
1809,0.0,0.0,1.0
1810,0.0,0.0,1.0
1811,0.0,0.0,1.0
1812,0.0,0.0,1.0
1813,0.0,0.0,1.0
1814,0.0,0.0,1.0
1815,0.0,0.0,1.0
1816,216440.625,11307.03125,2869.0
1817,0.0,0.0,1.0
1818,115095.3125,6162.03125,1877.0
1819,0.0,0.0,1.0
1820,0.0,0.0,1.0
1821,0.0,0.0,1.0
1822,0.0,0.0,1.0
1823,0.0,0.0,1.0
1824,0.0,0.0,1.0
1825,247957.03125,13499.375,3894.0
1826,2600.0,130.0,26.0
1827,0.0,0.0,1.0
1828,0.0,0.0,1.0
1829,0.0,0.0,1.0
1830,0.0,0.0,1.0
1831,0.0,0.0,1.0
1832,123646.09375,5461.71875,1492.0
1833,0.0,0.0,1.0
1834,0.0,0.0,1.0
1835,3504.6875,170.3125,44.0
1836,0.0,0.0,1.0
1837,282258.59375,17731.40625,4644.0
1838,153145.3125,6441.40625,2042.0
1839,618297.65625,40725.46875,8179.0
1840,0.0,0.0,1.0
1841,0.0,0.0,1.0
1842,0.0,0.0,1.0
1843,0.0,0.0,1.0
1844,243680.46875,12097.34375,3715.0
1845,130168.75,3977.5,1954.0
1846,0.0,0.0,1.0
1847,230150.78125,12637.34375,3325.0
1848,382513.28125,19115.3125,5571.0
1849,0.0,0.0,1.0
1850,0.0,0.0,1.0
1851,277271.09375,15764.84375,3860.0
1852,0.0,0.0,1.0
1853,367992.1875,19137.34375,5715.0
1854,800.0,40.0,8.0
1855,272835.9375,16182.8125,4136.0
1856,0.0,0.0,1.0
1857,0.0,0.0,1.0
1858,0.0,0.0,1.0
1859,0.0,0.0,1.0
1860,0.0,0.0,1.0
1861,0.0,0.0,1.0
1862,0.0,0.0,1.0
1863,0.0,0.0,1.0
1864,171000.0,7443.4375,2397.0
1865,2600.0,130.0,26.0
1866,0.0,0.0,1.0
1867,199838.28125,11122.5,2792.0
1868,0.0,0.0,1.0
1869,0.0,0.0,1.0
1870,0.0,0.0,1.0
1871,2600.0,130.0,26.0
1872,0.0,0.0,1.0
1873,0.0,0.0,1.0
1874,0.0,0.0,1.0
1875,0.0,0.0,1.0
1876,0.0,0.0,1.0
1877,142619.53125,7260.46875,1967.0
1878,0.0,0.0,1.0
1879,205256.25,11272.65625,2725.0
1880,0.0,0.0,1.0
1881,0.0,0.0,1.0
1882,0.0,0.0,1.0
1883,0.0,0.0,1.0
1884,0.0,0.0,1.0
1885,0.0,0.0,1.0
1886,151412.5,7252.65625,2349.0
1887,0.0,0.0,1.0
1888,0.0,0.0,1.0
1889,0.0,0.0,1.0
1890,0.0,0.0,1.0
1891,0.0,0.0,1.0
1892,0.0,0.0,1.0
1893,0.0,0.0,1.0
1894,0.0,0.0,1.0
1895,0.0,0.0,1.0
1896,0.0,0.0,1.0
1897,0.0,0.0,1.0
1898,126029.6875,4628.125,1806.0
1899,0.0,0.0,1.0
1900,548916.40625,36824.6875,7592.0
1901,404327.34375,20791.71875,6487.0
1902,3334.765625,678.75,307.0
1903,0.0,0.0,1.0
1904,0.0,0.0,1.0
1905,0.0,0.0,1.0
1906,0.0,0.0,1.0
1907,0.0,0.0,1.0
1908,0.0,0.0,1.0
1909,0.0,0.0,1.0
1910,430807.8125,24777.8125,6435.0
1911,5.078125,2.03125,1.0
1912,0.0,0.0,1.0
1913,0.0,0.0,1.0
1914,0.0,0.0,1.0
1915,0.0,0.0,1.0
1916,0.0,0.0,1.0
1917,0.0,0.0,1.0
1918,0.0,0.0,1.0
1919,0.0,0.0,1.0
1920,0.0,0.0,1.0
1921,0.0,0.0,1.0
1922,652514.0625,46639.53125,8300.0
1923,0.0,0.0,1.0
1924,231135.15625,13899.0625,3022.0
1925,0.0,0.0,1.0
1926,0.0,0.0,1.0
1927,0.0,0.0,1.0
1928,0.0,0.0,1.0
1929,0.0,0.0,1.0
1930,0.0,0.0,1.0
1931,0.0,0.0,1.0
1932,0.0,0.0,1.0
1933,0.0,0.0,1.0
1934,0.0,0.0,1.0
1935,0.0,0.0,1.0
1936,0.0,0.0,1.0
1937,318992.96875,19074.375,4220.0
1938,0.0,0.0,1.0
1939,593028.125,40716.71875,8323.0
1940,0.0,0.0,1.0
1941,0.0,0.0,1.0
1942,800.0,40.0,8.0
1943,3706.25,177.1875,47.0
1944,373653.90625,19500.0,5144.0
1945,5025.0,163.4375,80.0
1946,210346.09375,12492.1875,3100.0
1947,245900.78125,14243.125,3603.0
1948,0.0,0.0,1.0
1949,120672.65625,4919.84375,1835.0
1950,493576.5625,32117.5,6793.0
1951,0.0,0.0,1.0
1952,0.0,0.0,1.0
1953,0.0,0.0,1.0
1954,0.0,0.0,1.0
1955,0.0,0.0,1.0
1956,0.0,0.0,1.0
1957,0.0,0.0,1.0
1958,154666.40625,6538.90625,2198.0
1959,0.0,0.0,1.0
1960,0.0,0.0,1.0
1961,166869.53125,11023.125,2543.0
1962,131154.6875,4907.8125,1763.0
1963,0.0,0.0,1.0
1964,0.0,0.0,1.0
1965,0.0,0.0,1.0
1966,0.0,0.0,1.0
1967,167868.75,8860.15625,2157.0
1968,2676.953125,551.25,208.0
1969,2600.0,113.75,26.0
1970,54897.65625,3230.15625,801.0
1971,0.0,0.0,1.0
1972,0.0,0.0,1.0
1973,0.0,0.0,1.0
1974,0.0,0.0,1.0
1975,0.0,0.0,1.0
1976,0.0,0.0,1.0
1977,197296.875,9125.0,2568.0
1978,0.0,0.0,1.0
1979,0.0,0.0,1.0
1980,0.0,0.0,1.0
1981,698264.84375,53509.375,8750.0
1982,0.0,0.0,1.0
1983,0.0,0.0,1.0
1984,0.0,0.0,1.0
1985,0.0,0.0,1.0
1986,247821.875,9512.03125,3490.0
1987,0.0,0.0,1.0
1988,0.0,0.0,1.0
1989,0.0,0.0,1.0
1990,0.0,0.0,1.0
1991,410578.125,22903.90625,5962.0
1992,0.0,0.0,1.0
1993,0.0,0.0,1.0
1994,0.0,0.0,1.0
1995,0.0,0.0,1.0
1996,0.0,0.0,1.0
1997,0.0,0.0,1.0
1998,0.0,0.0,1.0
1999,0.0,0.0,1.0
2000,0.0,0.0,1.0
2001,0.0,0.0,1.0
2002,0.0,0.0,1.0
2003,0.0,0.0,1.0
2004,0.0,0.0,1.0
2005,0.0,0.0,1.0
2006,0.0,0.0,1.0
2007,0.0,0.0,1.0
2008,0.0,0.0,1.0
2009,0.0,0.0,1.0
2010,0.0,0.0,1.0
2011,0.0,0.0,1.0
2012,0.0,0.0,1.0
2013,0.0,0.0,1.0
2014,726642.1875,56269.84375,9064.0
2015,172.265625,123.75,17.0
2016,0.0,0.0,1.0
2017,261050.78125,13434.375,4592.0
2018,0.0,0.0,1.0
2019,0.0,0.0,1.0
2020,0.0,0.0,1.0
2021,0.0,0.0,1.0
2022,0.0,0.0,1.0
2023,0.0,0.0,1.0
2024,0.0,0.0,1.0
2025,0.0,0.0,1.0
2026,125147.65625,4800.0,1853.0
2027,2600.0,130.0,26.0
2028,0.0,0.0,1.0
2029,148320.3125,6547.96875,2155.0
2030,0.0,0.0,1.0
2031,241806.25,11863.59375,4083.0
2032,105361.71875,3291.09375,1592.0
2033,0.0,0.0,1.0
2034,0.0,0.0,1.0
2035,0.0,0.0,1.0
2036,0.0,0.0,1.0
2037,202352.34375,13117.03125,2926.0
2038,213685.9375,10723.125,3156.0
2039,0.0,0.0,1.0
2040,0.0,0.0,1.0
2041,0.0,0.0,1.0
2042,0.0,0.0,1.0
2043,0.0,0.0,1.0
2044,0.0,0.0,1.0
2045,0.0,0.0,1.0
2046,445857.8125,31322.8125,6226.0
2047,0.0,0.0,1.0
2048,0.0,0.0,1.0
2049,0.0,0.0,1.0
2050,0.0,0.0,1.0
2051,0.0,0.0,1.0
2052,0.0,0.0,1.0
2053,0.0,0.0,1.0
2054,0.0,0.0,1.0
2055,6268.75,235.78125,114.0
2056,0.0,0.0,1.0
2057,0.0,0.0,1.0
2058,0.0,0.0,1.0
2059,0.0,0.0,1.0
2060,0.0,0.0,1.0
2061,0.0,0.0,1.0
2062,0.0,0.0,1.0
2063,0.0,0.0,1.0
2064,0.0,0.0,1.0
2065,0.0,0.0,1.0
2066,0.0,0.0,1.0
2067,0.0,0.0,1.0
2068,0.0,0.0,1.0
2069,0.0,0.0,1.0
2070,0.0,0.0,1.0
2071,0.0,0.0,1.0
2072,0.0,0.0,1.0
2073,583553.90625,34931.875,8007.0
2074,841256.25,34080.46875,9596.0
2075,249.21875,69.6875,19.0
2076,0.0,0.0,1.0
2077,0.0,0.0,1.0
2078,0.0,0.0,1.0
2079,559055.46875,32152.8125,7946.0
2080,125.0,35.78125,18.0
2081,0.0,0.0,1.0
2082,0.0,0.0,1.0
2083,0.0,0.0,1.0
2084,0.0,0.0,1.0
2085,0.0,0.0,1.0
2086,0.0,0.0,1.0
2087,291350.78125,14347.34375,4768.0
2088,0.0,0.0,1.0
2089,0.0,0.0,1.0
2090,117560.15625,4653.4375,1786.0
2091,0.0,0.0,1.0
2092,0.0,0.0,1.0
2093,2600.0,130.0,26.0
2094,0.0,0.0,1.0
2095,0.0,0.0,1.0
2096,0.0,0.0,1.0
2097,305192.1875,16055.9375,4243.0
2098,5368.75,168.4375,64.0
2099,0.0,0.0,1.0
2100,0.0,0.0,1.0
2101,0.0,0.0,1.0
2102,297518.75,17750.78125,4820.0
2103,421980.46875,25650.78125,6576.0
2104,164815.625,9294.6875,2433.0
2105,3793.75,176.40625,53.0
2106,0.0,0.0,1.0
2107,155660.9375,7049.53125,2310.0
2108,800.0,40.0,8.0
2109,251526.5625,12598.125,3565.0
2110,0.0,0.0,1.0
2111,0.0,0.0,1.0
2112,0.0,0.0,1.0
2113,0.0,0.0,1.0
2114,0.0,0.0,1.0
2115,0.0,0.0,1.0
2116,0.0,0.0,1.0
2117,129917.96875,6393.75,1766.0
2118,0.0,0.0,1.0
2119,113580.46875,3929.21875,1644.0
2120,706263.28125,45729.84375,8634.0
2121,147896.875,7096.40625,2061.0
2122,0.0,0.0,1.0
2123,0.0,0.0,1.0
2124,917356.25,11294.0625,9592.0
2125,0.0,0.0,1.0
2126,0.0,0.0,1.0
2127,0.0,0.0,1.0
2128,0.0,0.0,1.0
2129,0.0,0.0,1.0
2130,0.0,0.0,1.0
2131,0.0,0.0,1.0
2132,428379.6875,27796.71875,6156.0
2133,0.0,0.0,1.0
2134,133978.90625,4850.3125,1941.0
2135,0.0,0.0,1.0
2136,0.0,0.0,1.0
2137,2600.0,113.75,26.0
2138,0.0,0.0,1.0
2139,0.0,0.0,1.0
2140,840256.25,36105.0,9507.0
2141,0.0,0.0,1.0
2142,0.0,0.0,1.0
2143,0.0,0.0,1.0
2144,0.0,0.0,1.0
2145,0.0,0.0,1.0
2146,128612.5,4289.6875,2099.0
2147,2600.0,130.0,26.0
2148,0.0,0.0,1.0
2149,720293.75,48638.28125,8964.0
2150,361.5234375,153.59375,136.0
2151,289690.625,14121.09375,4649.0
2152,0.0,0.0,1.0
2153,118186.71875,5064.84375,1852.0
2154,120869.53125,4477.96875,1629.0
2155,0.0,0.0,1.0
2156,0.0,0.0,1.0
2157,251608.59375,12173.59375,3811.0
2158,0.0,0.0,1.0
2159,0.0,0.0,1.0
2160,0.0,0.0,1.0
2161,172960.9375,8234.375,2486.0
2162,0.0,0.0,1.0
2163,0.0,0.0,1.0
2164,0.0,0.0,1.0
2165,0.0,0.0,1.0
2166,0.0,0.0,1.0
2167,0.0,0.0,1.0
2168,393278.125,19715.78125,5350.0
2169,375217.96875,21603.75,5490.0
2170,1512.109375,253.125,205.0
2171,0.0,0.0,1.0
2172,0.0,0.0,1.0
2173,0.0,0.0,1.0
2174,0.0,0.0,1.0
2175,0.0,0.0,1.0
2176,0.0,0.0,1.0
2177,0.0,0.0,1.0
2178,0.0,0.0,1.0
2179,0.0,0.0,1.0
2180,0.0,0.0,1.0
2181,0.0,0.0,1.0
2182,0.0,0.0,1.0
2183,0.0,0.0,1.0
2184,311810.15625,16995.625,4361.0
2185,306272.65625,15327.65625,4461.0
2186,0.0,0.0,1.0
2187,0.0,0.0,1.0
2188,5581.25,188.90625,114.0
2189,0.0,0.0,1.0
2190,0.0,0.0,1.0
2191,0.0,0.0,1.0
2192,0.0,0.0,1.0
2193,129710.9375,4404.84375,1895.0
2194,67042.1875,3813.90625,768.0
2195,0.0,0.0,1.0
2196,0.0,0.0,1.0
2197,391825.78125,37874.6875,5732.0
2198,0.0,0.0,1.0
2199,0.0,0.0,1.0
2200,0.0,0.0,1.0
2201,0.0,0.0,1.0
2202,0.0,0.0,1.0
2203,0.0,0.0,1.0
2204,0.0,0.0,1.0
2205,0.0,0.0,1.0
2206,0.0,0.0,1.0
2207,0.0,0.0,1.0
2208,0.0,0.0,1.0
2209,0.0,0.0,1.0
2210,0.0,0.0,1.0
2211,115408.59375,4084.21875,1446.0
2212,0.0,0.0,1.0
2213,0.0,0.0,1.0
2214,0.0,0.0,1.0
2215,134067.96875,6092.03125,1817.0
2216,121924.21875,4410.78125,1748.0
2217,0.0,0.0,1.0
2218,500.0,12.5,5.0
2219,221244.53125,12975.46875,3030.0
2220,0.0,0.0,1.0
2221,0.0,0.0,1.0
2222,232492.96875,14273.4375,3410.0
2223,0.0,0.0,1.0
2224,0.0,0.0,1.0
2225,317513.28125,14104.6875,5193.0
2226,5456.25,172.8125,78.0
2227,0.0,0.0,1.0
2228,173168.75,10261.25,2229.0
2229,0.0,0.0,1.0
2230,613821.875,43070.9375,8098.0
2231,169250.78125,9170.9375,2486.0
2232,0.0,0.0,1.0
2233,0.0,0.0,1.0
2234,0.0,0.0,1.0
2235,0.0,0.0,1.0
2236,500.0,25.0,5.0
2237,0.0,0.0,1.0
2238,0.0,0.0,1.0
2239,0.0,0.0,1.0
2240,0.0,0.0,1.0
2241,0.0,0.0,1.0
2242,0.0,0.0,1.0
2243,0.0,0.0,1.0
2244,0.0,0.0,1.0
2245,284377.34375,12952.34375,4543.0
2246,376674.21875,19457.34375,5721.0
2247,1101.953125,315.78125,292.0
2248,0.0,0.0,1.0
2249,0.0,0.0,1.0
2250,0.0,0.0,1.0
2251,0.0,0.0,1.0
2252,0.0,0.0,1.0
2253,0.0,0.0,1.0
2254,0.0,0.0,1.0
2255,0.0,0.0,1.0
2256,0.0,0.0,1.0
2257,78757.03125,2293.59375,1192.0
2258,188200.78125,8866.09375,2813.0
2259,0.0,0.0,1.0
2260,0.0,0.0,1.0
2261,305850.0,16921.71875,4599.0
2262,4637.5,131.875,59.0
2263,0.0,0.0,1.0
2264,0.0,0.0,1.0
2265,0.0,0.0,1.0
2266,280999.21875,14252.1875,4242.0
2267,0.0,0.0,1.0
2268,789310.9375,28616.875,9507.0
2269,0.0,0.0,1.0
2270,0.0,0.0,1.0
2271,0.0,0.0,1.0
2272,0.0,0.0,1.0
2273,0.0,0.0,1.0
2274,194750.78125,8296.40625,2549.0
2275,0.0,0.0,1.0
2276,0.0,0.0,1.0
2277,0.0,0.0,1.0
2278,0.0,0.0,1.0
2279,0.0,0.0,1.0
2280,0.0,0.0,1.0
2281,0.0,0.0,1.0
2282,4100.0,186.71875,70.0
2283,0.0,0.0,1.0
2284,0.0,0.0,1.0
2285,0.0,0.0,1.0
2286,0.0,0.0,1.0
2287,0.0,0.0,1.0
2288,0.0,0.0,1.0
2289,0.0,0.0,1.0
2290,0.0,0.0,1.0
2291,137871.875,6400.78125,1818.0
2292,0.0,0.0,1.0
2293,0.0,0.0,1.0
2294,0.0,0.0,1.0
2295,0.0,0.0,1.0
2296,0.0,0.0,1.0
2297,317148.4375,15130.9375,4816.0
2298,0.0,0.0,1.0
2299,2600.0,130.0,26.0
2300,314356.25,20384.84375,4865.0
2301,0.0,0.0,1.0
2302,0.0,0.0,1.0
2303,0.0,0.0,1.0
2304,0.0,0.0,1.0
2305,0.0,0.0,1.0
2306,0.0,0.0,1.0
2307,0.0,0.0,1.0
2308,174914.84375,11329.84375,2347.0
2309,693992.96875,51076.09375,8786.0
2310,184560.9375,8938.59375,2341.0
2311,0.0,0.0,1.0
2312,0.0,0.0,1.0
2313,0.0,0.0,1.0
2314,258722.65625,12024.6875,4092.0
2315,0.0,0.0,1.0
2316,0.0,0.0,1.0
2317,274607.8125,13544.53125,4277.0
2318,0.0,0.0,1.0
2319,233922.65625,11467.5,3718.0
2320,240993.75,12508.28125,3720.0
2321,0.0,0.0,1.0
2322,0.0,0.0,1.0
2323,0.0,0.0,1.0
2324,0.0,0.0,1.0
2325,0.0,0.0,1.0
2326,0.0,0.0,1.0
2327,0.0,0.0,1.0
2328,0.0,0.0,1.0
2329,0.0,0.0,1.0
2330,0.0,0.0,1.0
2331,234320.3125,10473.59375,3105.0
2332,174316.40625,15957.5,2371.0
2333,0.0,0.0,1.0
2334,0.0,0.0,1.0
2335,0.0,0.0,1.0
2336,0.0,0.0,1.0
2337,0.0,0.0,1.0
2338,0.0,0.0,1.0
2339,0.0,0.0,1.0
2340,0.0,0.0,1.0
2341,3956.25,197.8125,65.0
2342,392763.28125,18766.875,6085.0
2343,0.0,0.0,1.0
2344,0.0,0.0,1.0
2345,580904.6875,33737.1875,7385.0
2346,0.0,0.0,1.0
2347,0.0,0.0,1.0
2348,259244.53125,12221.40625,3869.0
2349,120752.34375,4544.0625,1867.0
2350,443817.1875,29364.375,6401.0
2351,50216.40625,8081.875,871.0
2352,64510.9375,7925.9375,790.0
2353,60178.90625,6206.5625,769.0
2354,163071.875,7680.625,2311.0
2355,256423.4375,13487.1875,4224.0
2356,642001.5625,40211.71875,8079.0
2357,173475.0,8420.15625,2154.0
2358,40551.953125,4848.125,454.0
2359,22338.28125,1959.296875,455.0
2360,40896.09375,2079.0625,434.0
2361,4010.15625,702.96875,433.0
2362,0.0,0.0,1.0
2363,0.0,0.0,1.0
2364,0.0,0.0,1.0
2365,0.0,0.0,1.0
2366,0.0,0.0,1.0
2367,0.0,0.0,1.0
2368,0.0,0.0,1.0
2369,75535.15625,3040.3125,1360.0
2370,0.0,0.0,1.0
2371,0.0,0.0,1.0
2372,0.0,0.0,1.0
2373,239878.125,11702.65625,3860.0
2374,0.0,0.0,1.0
2375,0.0,0.0,1.0
2376,0.0,0.0,1.0
2377,0.0,0.0,1.0
2378,0.0,0.0,1.0
2379,0.0,0.0,1.0
2380,0.0,0.0,1.0
2381,0.0,0.0,1.0
2382,0.0,0.0,1.0
2383,0.0,0.0,1.0
2384,0.0,0.0,1.0
2385,0.0,0.0,1.0
2386,0.0,0.0,1.0
2387,0.0,0.0,1.0
2388,0.0,0.0,1.0
2389,0.0,0.0,1.0
2390,0.0,0.0,1.0
2391,0.0,0.0,1.0
2392,862168.75,39170.9375,9714.0
2393,0.0,0.0,1.0
2394,0.0,0.0,1.0
2395,813742.1875,34034.6875,9489.0
2396,0.0,0.0,1.0
2397,0.0,0.0,1.0
2398,0.0,0.0,1.0
2399,0.0,0.0,1.0
2400,0.0,0.0,1.0
2401,0.0,0.0,1.0
2402,0.0,0.0,1.0
2403,0.0,0.0,1.0
2404,0.0,0.0,1.0
2405,133435.15625,6033.59375,1557.0
2406,0.0,0.0,1.0
2407,713943.75,54338.59375,8889.0
2408,78257.03125,8502.1875,1031.0
2409,21750.390625,2804.53125,820.0
2410,38396.09375,2277.96875,479.0
2411,18669.140625,2882.1875,411.0
2412,0.0,0.0,1.0
2413,0.0,0.0,1.0
2414,183991.40625,8625.46875,2850.0
2415,0.0,0.0,1.0
2416,0.0,0.0,1.0
2417,0.0,0.0,1.0
2418,0.0,0.0,1.0
2419,0.0,0.0,1.0
2420,639782.8125,41449.6875,8513.0
2421,148502.34375,19556.5625,2303.0
2422,0.0,0.0,1.0
2423,0.0,0.0,1.0
2424,0.0,0.0,1.0
2425,0.0,0.0,1.0
2426,830690.625,34837.65625,9604.0
2427,0.0,0.0,1.0
2428,169998.4375,8083.90625,2495.0
2429,0.0,0.0,1.0
2430,0.0,0.0,1.0
2431,0.0,0.0,1.0
2432,0.0,0.0,1.0
2433,633614.84375,41850.9375,8736.0
2434,0.0,0.0,1.0
2435,0.0,0.0,1.0
2436,0.0,0.0,1.0
2437,0.0,0.0,1.0
2438,0.0,0.0,1.0
2439,0.0,0.0,1.0
2440,0.0,0.0,1.0
2441,0.0,0.0,1.0
2442,0.0,0.0,1.0
2443,0.0,0.0,1.0
2444,0.0,0.0,1.0
2445,0.0,0.0,1.0
2446,0.0,0.0,1.0
2447,0.0,0.0,1.0
2448,0.0,0.0,1.0
2449,0.0,0.0,1.0
2450,0.0,0.0,1.0
2451,0.0,0.0,1.0
2452,171282.03125,10149.0625,2748.0
2453,191771.09375,17550.3125,2538.0
2454,0.0,0.0,1.0
2455,0.0,0.0,1.0
2456,144363.28125,6069.6875,1960.0
2457,201061.71875,10787.65625,3350.0
2458,0.0,0.0,1.0
2459,0.0,0.0,1.0
2460,0.0,0.0,1.0
2461,0.0,0.0,1.0
2462,0.0,0.0,1.0
2463,0.0,0.0,1.0
2464,0.0,0.0,1.0
2465,0.0,0.0,1.0
2466,0.0,0.0,1.0
2467,0.0,0.0,1.0
2468,0.0,0.0,1.0
2469,0.0,0.0,1.0
2470,0.0,0.0,1.0
2471,427339.84375,28548.4375,6038.0
2472,5.078125,2.03125,1.0
2473,0.0,0.0,1.0
2474,58765.625,3092.8125,758.0
2475,0.0,0.0,1.0
2476,0.0,0.0,1.0
2477,0.0,0.0,1.0
2478,66369.53125,3280.78125,880.0
2479,0.0,0.0,1.0
2480,121018.75,3991.875,2060.0
2481,0.0,0.0,1.0
2482,0.0,0.0,1.0
2483,0.0,0.0,1.0
2484,0.0,0.0,1.0
2485,0.0,0.0,1.0
2486,0.0,0.0,1.0
2487,5375.0,168.75,79.0
2488,311146.09375,15833.4375,5620.0
2489,178.7109375,71.484375,131.0
2490,0.0,0.0,1.0
2491,219710.15625,11743.4375,2857.0
2492,0.0,0.0,1.0
2493,0.0,0.0,1.0
2494,250277.34375,11627.96875,4003.0
2495,0.0,0.0,1.0
2496,250343.75,11087.65625,3715.0
2497,416764.0625,52345.9375,6262.0
2498,43229.6875,4623.75,755.0
2499,0.0,0.0,1.0
2500,0.0,0.0,1.0
2501,0.0,0.0,1.0
2502,0.0,0.0,1.0
2503,0.0,0.0,1.0
2504,0.0,0.0,1.0
2505,0.0,0.0,1.0
2506,0.0,0.0,1.0
2507,0.0,0.0,1.0
2508,0.0,0.0,1.0
2509,187425.78125,9217.8125,2646.0
2510,0.0,0.0,1.0
2511,632614.84375,46923.125,7931.0
2512,3280.46875,567.03125,132.0
2513,0.0,0.0,1.0
2514,0.0,0.0,1.0
2515,0.0,0.0,1.0
2516,0.0,0.0,1.0
2517,0.0,0.0,1.0
2518,0.0,0.0,1.0
2519,0.0,0.0,1.0
2520,113355.46875,3891.71875,1626.0
2521,0.0,0.0,1.0
2522,0.0,0.0,1.0
2523,0.0,0.0,1.0
2524,0.0,0.0,1.0
2525,0.0,0.0,1.0
2526,0.0,0.0,1.0
2527,0.0,0.0,1.0
2528,0.0,0.0,1.0
2529,800.0,40.0,8.0
2530,0.0,0.0,1.0
2531,126107.03125,5822.5,1448.0
2532,134844.53125,4233.125,2051.0
2533,0.0,0.0,1.0
2534,0.0,0.0,1.0
2535,0.0,0.0,1.0
2536,0.0,0.0,1.0
2537,0.0,0.0,1.0
2538,137890.625,5357.96875,1930.0
2539,0.0,0.0,1.0
2540,0.0,0.0,1.0
2541,836253.125,33363.90625,9493.0
2542,0.0,0.0,1.0
2543,0.0,0.0,1.0
2544,0.0,0.0,1.0
2545,0.0,0.0,1.0
2546,3187.5,159.375,34.0
2547,0.0,0.0,1.0
2548,0.0,0.0,1.0
2549,0.0,0.0,1.0
2550,0.0,0.0,1.0
2551,0.0,0.0,1.0
2552,0.0,0.0,1.0
2553,0.0,0.0,1.0
2554,3775.0,188.75,65.0
2555,640508.59375,42897.96875,8215.0
2556,0.0,0.0,1.0
2557,0.0,0.0,1.0
2558,0.0,0.0,1.0
2559,0.0,0.0,1.0
2560,0.0,0.0,1.0
2561,0.0,0.0,1.0
2562,0.0,0.0,1.0
2563,369037.5,20500.78125,5782.0
2564,0.0,0.0,1.0
2565,0.0,0.0,1.0
2566,0.0,0.0,1.0
2567,0.0,0.0,1.0
2568,0.0,0.0,1.0
2569,723795.3125,48343.28125,9050.0
2570,12753.515625,2951.5625,451.0
2571,585.9375,234.375,20.0
2572,59.765625,23.90625,20.0
2573,169385.9375,10057.5,2204.0
2574,0.0,0.0,1.0
2575,767181.25,63866.09375,9353.0
2576,0.0,0.0,1.0
2577,0.0,0.0,1.0
2578,87592.1875,3116.40625,1491.0
2579,0.0,0.0,1.0
2580,0.0,0.0,1.0
2581,0.0,0.0,1.0
2582,0.0,0.0,1.0
2583,302471.09375,15000.3125,4678.0
2584,132931.25,5580.46875,2082.0
2585,0.0,0.0,1.0
2586,462253.90625,27901.09375,6576.0
2587,0.0,0.0,1.0
2588,0.0,0.0,1.0
2589,0.0,0.0,1.0
2590,0.0,0.0,1.0
2591,368717.96875,43863.4375,5463.0
2592,276382.8125,13608.125,4059.0
2593,0.0,0.0,1.0
2594,0.0,0.0,1.0
2595,0.0,0.0,1.0
2596,555585.15625,39186.25,7329.0
2597,190929.6875,9871.09375,2656.0
2598,26661.71875,1611.875,376.0
2599,25367.1875,2943.90625,369.0
2600,246385.15625,14293.4375,3595.0
2601,7092.3828125,3686.40625,346.0
2602,2042.578125,471.875,176.0
2603,0.0,0.0,1.0
2604,0.0,0.0,1.0
2605,0.0,0.0,1.0
2606,0.0,0.0,1.0
2607,0.0,0.0,1.0
2608,0.0,0.0,1.0
2609,0.0,0.0,1.0
2610,409164.84375,26338.59375,6398.0
2611,5.859375,2.34375,1.0
2612,0.0,0.0,1.0
2613,240363.28125,12988.4375,4223.0
2614,0.0,0.0,1.0
2615,0.0,0.0,1.0
2616,5287.5,164.375,83.0
2617,0.0,0.0,1.0
2618,121933.59375,8830.3125,2123.0
2619,0.0,0.0,1.0
2620,0.0,0.0,1.0
2621,0.0,0.0,1.0
2622,0.0,0.0,1.0
2623,0.0,0.0,1.0
2624,0.0,0.0,1.0
2625,0.0,0.0,1.0
2626,151339.0625,5550.15625,2225.0
2627,0.0,0.0,1.0
2628,0.0,0.0,1.0
2629,0.0,0.0,1.0
2630,0.0,0.0,1.0
2631,0.0,0.0,1.0
2632,0.0,0.0,1.0
2633,0.0,0.0,1.0
2634,184466.40625,9971.5625,2434.0
2635,0.0,0.0,1.0
2636,565265.625,34972.34375,7395.0
2637,488841.40625,30753.28125,6667.0
2638,26389.84375,2676.40625,406.0
2639,0.0,0.0,1.0
2640,0.0,0.0,1.0
2641,121633.59375,4884.84375,2009.0
2642,0.0,0.0,1.0
2643,0.0,0.0,1.0
2644,258557.8125,13697.1875,3795.0
2645,118552.34375,3900.46875,2015.0
2646,0.0,0.0,1.0
2647,117764.0625,4002.03125,1700.0
2648,0.0,0.0,1.0
2649,0.0,0.0,1.0
2650,0.0,0.0,1.0
2651,0.0,0.0,1.0
2652,0.0,0.0,1.0
2653,0.0,0.0,1.0
2654,139566.40625,6814.375,2170.0
2655,564690.625,33911.40625,7527.0
2656,0.0,0.0,1.0
2657,397536.71875,20691.71875,5519.0
2658,0.0,0.0,1.0
2659,0.0,0.0,1.0
2660,0.0,0.0,1.0
2661,0.0,0.0,1.0
2662,0.0,0.0,1.0
2663,0.0,0.0,1.0
2664,162824.21875,10107.34375,2233.0
2665,0.0,0.0,1.0
2666,236815.625,11147.1875,3370.0
2667,241621.09375,13175.78125,3165.0
2668,0.0,0.0,1.0
2669,191129.6875,11572.65625,2924.0
2670,0.0,0.0,1.0
2671,500.0,12.5,5.0
2672,624896.875,37813.59375,7878.0
2673,0.0,0.0,1.0
2674,0.0,0.0,1.0
2675,0.0,0.0,1.0
2676,0.0,0.0,1.0
2677,0.0,0.0,1.0
2678,0.0,0.0,1.0
2679,0.0,0.0,1.0
2680,228471.09375,16213.125,3180.0
2681,0.0,0.0,1.0
2682,0.0,0.0,1.0
2683,124710.15625,5793.90625,2055.0
2684,0.0,0.0,1.0
2685,116401.5625,3729.6875,1971.0
2686,0.0,0.0,1.0
2687,0.0,0.0,1.0
2688,0.0,0.0,1.0
2689,0.0,0.0,1.0
2690,0.0,0.0,1.0
2691,0.0,0.0,1.0
2692,800.0,40.0,8.0
2693,0.0,0.0,1.0
2694,0.0,0.0,1.0
2695,123171.09375,4992.5,1821.0
2696,420927.34375,24550.78125,5928.0
2697,313752.34375,15104.84375,4372.0
2698,0.0,0.0,1.0
2699,0.0,0.0,1.0
2700,0.0,0.0,1.0
2701,0.0,0.0,1.0
2702,0.0,0.0,1.0
2703,0.0,0.0,1.0
2704,0.0,0.0,1.0
2705,0.0,0.0,1.0
2706,0.0,0.0,1.0
2707,0.0,0.0,1.0
2708,2600.0,130.0,26.0
2709,0.0,0.0,1.0
2710,0.0,0.0,1.0
2711,0.0,0.0,1.0
2712,241728.125,11097.34375,3579.0
2713,656753.125,48870.9375,8574.0
2714,267742.96875,14623.90625,4538.0
2715,0.0,0.0,1.0
2716,0.0,0.0,1.0
2717,0.0,0.0,1.0
2718,156785.9375,6439.84375,2236.0
2719,0.0,0.0,1.0
2720,0.0,0.0,1.0
2721,0.0,0.0,1.0
2722,0.0,0.0,1.0
2723,0.0,0.0,1.0
2724,158301.5625,7625.15625,2391.0
2725,0.0,0.0,1.0
2726,0.0,0.0,1.0
2727,0.0,0.0,1.0
2728,0.0,0.0,1.0
2729,0.0,0.0,1.0
2730,0.0,0.0,1.0
2731,0.0,0.0,1.0
2732,545587.5,30277.8125,7281.0
2733,5.078125,2.03125,1.0
2734,533885.15625,34062.65625,7417.0
2735,0.0,0.0,1.0
2736,0.0,0.0,1.0
2737,0.0,0.0,1.0
2738,0.0,0.0,1.0
2739,0.0,0.0,1.0
2740,0.0,0.0,1.0
2741,274512.5,16135.15625,3974.0
2742,2600.0,81.25,26.0
2743,0.0,0.0,1.0
2744,532385.15625,37306.875,6745.0
2745,380257.03125,19021.5625,5592.0
2746,0.0,0.0,1.0
2747,0.0,0.0,1.0
2748,2600.0,130.0,26.0
2749,0.0,0.0,1.0
2750,0.0,0.0,1.0
2751,0.0,0.0,1.0
2752,282921.875,15161.09375,4715.0
2753,0.0,0.0,1.0
2754,306427.34375,16339.21875,4273.0
2755,0.0,0.0,1.0
2756,0.0,0.0,1.0
2757,0.0,0.0,1.0
2758,5643.75,182.1875,79.0
2759,0.0,0.0,1.0
2760,0.0,0.0,1.0
2761,0.0,0.0,1.0
2762,145591.40625,9502.03125,2064.0
2763,0.0,0.0,1.0
2764,0.0,0.0,1.0
2765,0.0,0.0,1.0
2766,0.0,0.0,1.0
2767,0.0,0.0,1.0
2768,257644.53125,12840.78125,4154.0
2769,310700.0,15742.1875,4226.0
2770,0.0,0.0,1.0
2771,194160.15625,9827.1875,2698.0
2772,227267.1875,11207.34375,3232.0
2773,0.0,0.0,1.0
2774,0.0,0.0,1.0
2775,0.0,0.0,1.0
2776,0.0,0.0,1.0
2777,0.0,0.0,1.0
2778,0.0,0.0,1.0
2779,119993.75,4758.90625,1609.0
2780,3881.25,194.0625,51.0
2781,0.0,0.0,1.0
2782,273284.375,11366.09375,4209.0
2783,0.0,0.0,1.0
2784,191212.5,11715.15625,2629.0
2785,0.0,0.0,1.0
2786,0.0,0.0,1.0
2787,0.0,0.0,1.0
2788,0.0,0.0,1.0
2789,0.0,0.0,1.0
2790,407440.625,27528.125,5920.0
2791,0.0,0.0,1.0
2792,0.0,0.0,1.0
2793,0.0,0.0,1.0
2794,61318.75,3338.59375,802.0
2795,725750.78125,46697.1875,8942.0
2796,606115.625,42602.5,8178.0
2797,346412.5,18610.46875,5518.0
2798,0.0,0.0,1.0
2799,266057.03125,12919.21875,3920.0
2800,0.0,0.0,1.0
2801,50792.96875,2578.125,756.0
2802,229454.6875,10669.375,2897.0
2803,0.0,0.0,1.0
2804,0.0,0.0,1.0
2805,0.0,0.0,1.0
2806,0.0,0.0,1.0
2807,0.0,0.0,1.0
2808,0.0,0.0,1.0
2809,0.0,0.0,1.0
2810,168218.75,8391.40625,2761.0
2811,0.0,0.0,1.0
2812,0.0,0.0,1.0
2813,0.0,0.0,1.0
2814,0.0,0.0,1.0
2815,0.0,0.0,1.0
2816,0.0,0.0,1.0
2817,0.0,0.0,1.0
2818,442207.8125,25231.25,6517.0
2819,0.0,0.0,1.0
2820,0.0,0.0,1.0
2821,227103.90625,8779.0625,3935.0
2822,261346.09375,13505.0,4257.0
2823,0.0,0.0,1.0
2824,318457.8125,30322.5,4541.0
2825,0.0,0.0,1.0
2826,0.0,0.0,1.0
2827,0.0,0.0,1.0
2828,0.0,0.0,1.0
2829,41164.0625,2468.90625,515.0
2830,0.0,0.0,1.0
2831,0.0,0.0,1.0
2832,0.0,0.0,1.0
2833,0.0,0.0,1.0
2834,0.0,0.0,1.0
2835,0.0,0.0,1.0
2836,0.0,0.0,1.0
2837,277633.59375,13429.84375,4225.0
2838,137493.75,6244.0625,1857.0
2839,151592.1875,7554.0625,2300.0
2840,0.0,0.0,1.0
2841,0.0,0.0,1.0
2842,0.0,0.0,1.0
2843,0.0,0.0,1.0
2844,0.0,0.0,1.0
2845,241932.03125,12185.3125,3923.0
2846,141574.21875,6249.53125,2014.0
2847,800.0,40.0,8.0
2848,122663.28125,5706.25,1691.0
2849,0.0,0.0,1.0
2850,122303.125,5003.75,1828.0
2851,0.0,0.0,1.0
2852,235117.1875,10789.0625,3554.0
2853,191037.5,12413.125,2400.0
2854,0.0,0.0,1.0
2855,191055.46875,10411.09375,2699.0
2856,5106.25,155.3125,53.0
2857,0.0,0.0,1.0
2858,0.0,0.0,1.0
2859,0.0,0.0,1.0
2860,0.0,0.0,1.0
2861,129338.28125,5098.90625,1846.0
2862,0.0,0.0,1.0
2863,3806.25,125.3125,60.0
2864,0.0,0.0,1.0
2865,0.0,0.0,1.0
2866,0.0,0.0,1.0
2867,0.0,0.0,1.0
2868,0.0,0.0,1.0
2869,0.0,0.0,1.0
2870,0.0,0.0,1.0
2871,67642.1875,4189.84375,799.0
2872,410633.59375,24193.4375,5870.0
2873,510702.34375,29100.0,6581.0
2874,309024.21875,15470.0,4572.0
2875,540435.9375,35846.71875,7318.0
2876,31327.734375,4196.875,393.0
2877,29786.71875,2028.90625,372.0
2878,24784.375,3529.6875,353.0
2879,15884.765625,2716.09375,366.0
2880,22785.546875,3912.5,340.0
2881,24922.65625,3507.8125,346.0
2882,304131.25,15097.8125,4280.0
2883,602710.9375,39338.75,8146.0
2884,24017.1875,3143.4375,338.0
2885,5194.53125,1207.65625,318.0
2886,19378.125,1194.6875,292.0
2887,3479.6875,1357.1875,308.0
2888,0.0,0.0,1.0
2889,0.0,0.0,1.0
2890,0.0,0.0,1.0
2891,0.0,0.0,1.0
2892,365967.96875,19630.78125,5506.0
2893,0.0,0.0,1.0
2894,661128.125,41310.46875,8322.0
2895,250674.21875,13797.1875,3447.0
2896,0.0,0.0,1.0
2897,241192.1875,11921.40625,3611.0
2898,0.0,0.0,1.0
2899,0.0,0.0,1.0
2900,285863.28125,13048.59375,4153.0
2901,3131.25,140.3125,33.0
2902,0.0,0.0,1.0
2903,0.0,0.0,1.0
2904,0.0,0.0,1.0
2905,0.0,0.0,1.0
2906,119636.71875,4722.1875,1814.0
2907,3181.25,204.375,33.0
2908,0.0,0.0,1.0
2909,0.0,0.0,1.0
2910,250756.25,12389.375,3951.0
2911,0.0,0.0,1.0
2912,0.0,0.0,1.0
2913,3831.25,183.28125,56.0
2914,0.0,0.0,1.0
2915,0.0,0.0,1.0
2916,0.0,0.0,1.0
2917,0.0,0.0,1.0
2918,0.0,0.0,1.0
2919,0.0,0.0,1.0
2920,410160.15625,24741.40625,6145.0
2921,122771.09375,4545.9375,1676.0
2922,196606.25,13356.71875,2870.0
2923,0.0,0.0,1.0
2924,0.0,0.0,1.0
2925,226596.875,11199.53125,3749.0
2926,0.0,0.0,1.0
2927,4284.375,185.78125,84.0
2928,0.0,0.0,1.0
2929,0.0,0.0,1.0
2930,0.0,0.0,1.0
2931,0.0,0.0,1.0
2932,800.0,40.0,8.0
2933,0.0,0.0,1.0
2934,0.0,0.0,1.0
2935,0.0,0.0,1.0
2936,0.0,0.0,1.0
2937,147751.5625,6045.3125,1910.0
2938,0.0,0.0,1.0
2939,0.0,0.0,1.0
2940,819348.4375,32508.90625,9454.0
2941,0.0,0.0,1.0
2942,0.0,0.0,1.0
2943,0.0,0.0,1.0
2944,0.0,0.0,1.0
2945,0.0,0.0,1.0
2946,0.0,0.0,1.0
2947,0.0,0.0,1.0
2948,0.0,0.0,1.0
2949,0.0,0.0,1.0
2950,0.0,0.0,1.0
2951,0.0,0.0,1.0
2952,0.0,0.0,1.0
2953,333726.5625,15529.6875,4950.0
2954,0.0,0.0,1.0
2955,0.0,0.0,1.0
2956,0.0,0.0,1.0
2957,0.0,0.0,1.0
2958,0.0,0.0,1.0
2959,0.0,0.0,1.0
2960,0.0,0.0,1.0
2961,0.0,0.0,1.0
2962,0.0,0.0,1.0
2963,383159.375,19507.1875,5484.0
2964,800.0,40.0,8.0
2965,333132.03125,16508.125,4806.0
2966,0.0,0.0,1.0
2967,0.0,0.0,1.0
2968,141812.5,5423.75,2111.0
2969,0.0,0.0,1.0
2970,238254.6875,10907.1875,3963.0
2971,433922.65625,30995.625,6188.0
2972,252667.1875,13800.625,3365.0
2973,127106.25,4535.15625,1942.0
2974,0.0,0.0,1.0
2975,0.0,0.0,1.0
2976,0.0,0.0,1.0
2977,0.0,0.0,1.0
2978,0.0,0.0,1.0
2979,0.0,0.0,1.0
2980,251085.15625,11588.90625,4017.0
2981,0.0,0.0,1.0
2982,317258.59375,15693.90625,5058.0
2983,602496.09375,39768.28125,7974.0
2984,0.0,0.0,1.0
2985,259971.875,12707.5,4105.0
2986,0.0,0.0,1.0
2987,0.0,0.0,1.0
2988,505673.4375,28485.46875,6754.0
2989,0.0,0.0,1.0
2990,437791.40625,21168.4375,5955.0
2991,417775.0,21347.8125,6145.0
2992,881.640625,162.34375,91.0
2993,0.0,0.0,1.0
2994,0.0,0.0,1.0
2995,199676.5625,8687.5,2758.0
2996,2600.0,97.5,26.0
2997,5618.75,186.875,86.0
2998,294110.15625,14730.625,4109.0
2999,153211.71875,6092.34375,2068.0
3000,326867.1875,21138.4375,5153.0
3001,334833.59375,19218.90625,4945.0
3002,1700.0,42.5,17.0
3003,0.0,0.0,1.0
3004,0.0,0.0,1.0
3005,0.0,0.0,1.0
3006,0.0,0.0,1.0
3007,0.0,0.0,1.0
3008,0.0,0.0,1.0
3009,247457.03125,15364.375,4201.0
3010,0.0,0.0,1.0
3011,0.0,0.0,1.0
3012,0.0,0.0,1.0
3013,192875.0,8691.25,2476.0
3014,0.0,0.0,1.0
3015,0.0,0.0,1.0
3016,0.0,0.0,1.0
3017,0.0,0.0,1.0
3018,0.0,0.0,1.0
3019,632426.5625,36735.0,8171.0
3020,38987.890625,6040.3125,435.0
3021,32214.84375,3549.6875,417.0
3022,25652.9296875,6060.9375,428.0
3023,30612.890625,7232.5,422.0
3024,23831.4453125,5544.84375,415.0
3025,17061.9140625,4832.03125,275.0
3026,13884.375,3715.625,277.0
3027,13369.140625,3524.84375,273.0
3028,0.0,0.0,1.0
3029,0.0,0.0,1.0
3030,0.0,0.0,1.0
3031,0.0,0.0,1.0
3032,0.0,0.0,1.0
3033,0.0,0.0,1.0
3034,107747.65625,3989.375,1682.0
3035,0.0,0.0,1.0
3036,0.0,0.0,1.0
3037,0.0,0.0,1.0
3038,0.0,0.0,1.0
3039,0.0,0.0,1.0
3040,0.0,0.0,1.0
3041,0.0,0.0,1.0
3042,0.0,0.0,1.0
3043,0.0,0.0,1.0
3044,0.0,0.0,1.0
3045,0.0,0.0,1.0
3046,0.0,0.0,1.0
3047,0.0,0.0,1.0
3048,161582.8125,9612.65625,2279.0
3049,516178.90625,31404.84375,6667.0
3050,1250.0,41.25,17.0
3051,65186.71875,3273.125,790.0
3052,0.0,0.0,1.0
3053,0.0,0.0,1.0
3054,0.0,0.0,1.0
3055,0.0,0.0,1.0
3056,0.0,0.0,1.0
3057,0.0,0.0,1.0
3058,0.0,0.0,1.0
3059,97536.71875,8503.4375,1127.0
3060,0.0,0.0,1.0
3061,0.0,0.0,1.0
3062,0.0,0.0,1.0
3063,0.0,0.0,1.0
3064,0.0,0.0,1.0
3065,0.0,0.0,1.0
3066,0.0,0.0,1.0
3067,163125.78125,8127.96875,2582.0
3068,186467.1875,9275.625,2596.0
3069,0.0,0.0,1.0
3070,0.0,0.0,1.0
3071,0.0,0.0,1.0
3072,0.0,0.0,1.0
3073,2600.0,130.0,26.0
3074,0.0,0.0,1.0
3075,0.0,0.0,1.0
3076,0.0,0.0,1.0
3077,0.0,0.0,1.0
3078,0.0,0.0,1.0
3079,158164.0625,8533.90625,2223.0
3080,2600.0,130.0,26.0
3081,800.0,40.0,8.0
3082,0.0,0.0,1.0
3083,484558.59375,29401.40625,6954.0
3084,6637.5,1679.84375,328.0
3085,1169.53125,220.0,77.0
3086,291592.1875,17165.0,4277.0
3087,0.0,0.0,1.0
3088,559236.71875,33032.1875,7341.0
3089,0.0,0.0,1.0
3090,0.0,0.0,1.0
3091,0.0,0.0,1.0
3092,2993.75,117.1875,32.0
3093,0.0,0.0,1.0
3094,0.0,0.0,1.0
3095,0.0,0.0,1.0
3096,0.0,0.0,1.0
3097,0.0,0.0,1.0
3098,0.0,0.0,1.0
3099,132453.90625,7312.96875,1729.0
3100,0.0,0.0,1.0
3101,0.0,0.0,1.0
3102,0.0,0.0,1.0
3103,514894.53125,37246.40625,7027.0
3104,0.0,0.0,1.0
3105,0.0,0.0,1.0
3106,0.0,0.0,1.0
3107,0.0,0.0,1.0
3108,132203.90625,4466.09375,2103.0
3109,0.0,0.0,1.0
3110,0.0,0.0,1.0
3111,0.0,0.0,1.0
3112,0.0,0.0,1.0
3113,224326.5625,11795.78125,3126.0
3114,0.0,0.0,1.0
3115,0.0,0.0,1.0
3116,0.0,0.0,1.0
3117,0.0,0.0,1.0
3118,0.0,0.0,1.0
3119,0.0,0.0,1.0
3120,0.0,0.0,1.0
3121,145747.65625,7572.03125,1896.0
3122,0.0,0.0,1.0
3123,164714.84375,7435.46875,2348.0
3124,665954.6875,40949.6875,8349.0
3125,0.0,0.0,1.0
3126,0.0,0.0,1.0
3127,0.0,0.0,1.0
3128,0.0,0.0,1.0
3129,0.0,0.0,1.0
3130,0.0,0.0,1.0
3131,0.0,0.0,1.0
3132,0.0,0.0,1.0
3133,0.0,0.0,1.0
3134,0.0,0.0,1.0
3135,0.0,0.0,1.0
3136,0.0,0.0,1.0
3137,0.0,0.0,1.0
3138,0.0,0.0,1.0
3139,164242.96875,9607.96875,2493.0
3140,143290.625,5527.1875,2077.0
3141,271592.96875,13164.6875,3821.0
3142,170091.40625,9919.21875,2504.0
3143,121525.0,5314.0625,1581.0
3144,305594.53125,17398.125,4496.0
3145,385217.96875,18367.1875,5705.0
3146,2968.75,148.4375,33.0
3147,0.0,0.0,1.0
3148,0.0,0.0,1.0
3149,0.0,0.0,1.0
3150,0.0,0.0,1.0
3151,0.0,0.0,1.0
3152,374222.65625,17273.125,5899.0
3153,0.0,0.0,1.0
3154,0.0,0.0,1.0
3155,0.0,0.0,1.0
3156,0.0,0.0,1.0
3157,66916.40625,4179.375,769.0
3158,115687.5,4564.0625,1542.0
3159,733071.875,52919.84375,9084.0
3160,207485.9375,11141.40625,2605.0
3161,186535.9375,10613.28125,2511.0
3162,289662.5,12111.875,4797.0
3163,0.0,0.0,1.0
3164,0.0,0.0,1.0
3165,0.0,0.0,1.0
3166,500.0,12.5,5.0
3167,180139.0625,8757.8125,2394.0
3168,0.0,0.0,1.0
3169,0.0,0.0,1.0
3170,0.0,0.0,1.0
3171,4212.5,378.75,72.0
3172,347100.0,18504.21875,5226.0
3173,0.0,0.0,1.0
3174,64463.28125,3843.75,813.0
3175,0.0,0.0,1.0
3176,0.0,0.0,1.0
3177,0.0,0.0,1.0
3178,0.0,0.0,1.0
3179,612895.3125,46572.5,8102.0
3180,164423.4375,9120.0,2316.0
3181,459546.875,26019.21875,6694.0
3182,316272.65625,16906.09375,4141.0
3183,58568.5546875,6963.75,1110.0
3184,70036.71875,8520.78125,960.0
3185,55239.84375,6588.59375,1054.0
3186,46398.828125,4792.96875,695.0
3187,55141.015625,5388.28125,691.0
3188,238664.84375,13886.25,3103.0
3189,369122.65625,20299.375,5467.0
3190,40583.984375,3415.3125,735.0
3191,13256.25,1039.53125,293.0
3192,4390.625,338.125,213.0
3193,0.0,0.0,1.0
3194,232635.9375,10275.46875,3108.0
3195,0.0,0.0,1.0
3196,0.0,0.0,1.0
3197,0.0,0.0,1.0
3198,0.0,0.0,1.0
3199,0.0,0.0,1.0
3200,0.0,0.0,1.0
3201,0.0,0.0,1.0
3202,0.0,0.0,1.0
3203,238232.8125,12598.75,3991.0
3204,496492.1875,27989.6875,6626.0
3205,0.0,0.0,1.0
3206,0.0,0.0,1.0
3207,0.0,0.0,1.0
3208,134527.34375,4747.03125,1661.0
3209,0.0,0.0,1.0
3210,0.0,0.0,1.0
3211,0.0,0.0,1.0
3212,0.0,0.0,1.0
3213,0.0,0.0,1.0
3214,0.0,0.0,1.0
3215,0.0,0.0,1.0
3216,0.0,0.0,1.0
3217,0.0,0.0,1.0
3218,0.0,0.0,1.0
3219,0.0,0.0,1.0
3220,0.0,0.0,1.0
3221,258043.75,13744.84375,3771.0
3222,287164.0625,14497.34375,4345.0
3223,0.0,0.0,1.0
3224,0.0,0.0,1.0
3225,0.0,0.0,1.0
3226,0.0,0.0,1.0
3227,0.0,0.0,1.0
3228,0.0,0.0,1.0
3229,0.0,0.0,1.0
3230,295014.0625,12588.125,4519.0
3231,234845.3125,10877.65625,3651.0
3232,0.0,0.0,1.0
3233,235682.03125,15680.15625,3231.0
3234,129729.6875,5416.875,1805.0
3235,0.0,0.0,1.0
3236,0.0,0.0,1.0
3237,213237.5,11511.5625,2872.0
3238,128316.40625,4260.9375,1894.0
3239,172202.34375,9536.40625,2543.0
3240,0.0,0.0,1.0
3241,0.0,0.0,1.0
3242,0.0,0.0,1.0
3243,0.0,0.0,1.0
3244,0.0,0.0,1.0
3245,0.0,0.0,1.0
3246,0.0,0.0,1.0
3247,0.0,0.0,1.0
3248,0.0,0.0,1.0
3249,0.0,0.0,1.0
3250,0.0,0.0,1.0
3251,0.0,0.0,1.0
3252,129084.375,5307.34375,2087.0
3253,0.0,0.0,1.0
3254,143107.03125,5380.9375,2190.0
3255,0.0,0.0,1.0
3256,0.0,0.0,1.0
3257,0.0,0.0,1.0
3258,0.0,0.0,1.0
3259,0.0,0.0,1.0
3260,200214.84375,8657.34375,2796.0
3261,0.0,0.0,1.0
3262,0.0,0.0,1.0
3263,0.0,0.0,1.0
3264,0.0,0.0,1.0
3265,0.0,0.0,1.0
3266,267539.84375,12493.28125,4079.0
3267,0.0,0.0,1.0
3268,0.0,0.0,1.0
3269,247219.53125,12425.78125,3168.0
3270,0.0,0.0,1.0
3271,0.0,0.0,1.0
3272,0.0,0.0,1.0
3273,226054.6875,10641.09375,3794.0
3274,41056.25,2015.0,521.0
3275,0.0,0.0,1.0
3276,0.0,0.0,1.0
3277,567151.5625,41669.84375,7785.0
3278,713320.3125,48975.625,9116.0
3279,3121.484375,320.625,156.0
3280,0.0,0.0,1.0
3281,0.0,0.0,1.0
3282,0.0,0.0,1.0
3283,0.0,0.0,1.0
3284,0.0,0.0,1.0
3285,0.0,0.0,1.0
3286,0.0,0.0,1.0
3287,679414.84375,45735.0,8543.0
3288,0.0,0.0,1.0
3289,0.0,0.0,1.0
3290,270617.1875,13689.0625,4202.0
3291,0.0,0.0,1.0
3292,0.0,0.0,1.0
3293,0.0,0.0,1.0
3294,205069.53125,12812.65625,2730.0
3295,0.0,0.0,1.0
3296,679559.375,47179.84375,9001.0
3297,627385.9375,40604.375,7980.0
3298,0.0,0.0,1.0
3299,0.0,0.0,1.0
3300,0.0,0.0,1.0
3301,0.0,0.0,1.0
3302,0.0,0.0,1.0
3303,0.0,0.0,1.0
3304,274772.65625,18079.0625,4147.0
3305,0.0,0.0,1.0
3306,267829.6875,15667.5,3738.0
3307,204957.03125,11664.6875,3558.0
3308,0.0,0.0,1.0
3309,0.0,0.0,1.0
3310,143489.0625,5523.59375,2245.0
3311,0.0,0.0,1.0
3312,0.0,0.0,1.0
3313,0.0,0.0,1.0
3314,531003.125,36065.9375,7281.0
3315,160010.9375,8704.53125,2391.0
3316,653835.9375,46129.6875,8199.0
3317,273019.53125,16056.5625,4449.0
3318,0.0,0.0,1.0
3319,0.0,0.0,1.0
3320,0.0,0.0,1.0
3321,0.0,0.0,1.0
3322,399288.28125,18812.8125,5581.0
3323,0.0,0.0,1.0
3324,0.0,0.0,1.0
3325,457989.84375,26148.4375,6479.0
3326,0.0,0.0,1.0
3327,270986.71875,15786.09375,4574.0
3328,191781.25,7875.46875,2631.0
3329,252462.5,11634.84375,4132.0
3330,61439.84375,3565.78125,803.0
3331,136832.8125,7301.40625,1884.0
3332,117885.9375,4381.71875,1599.0
3333,136085.9375,5487.1875,1919.0
3334,157492.96875,9448.90625,2625.0
3335,0.0,0.0,1.0
3336,0.0,0.0,1.0
3337,454325.78125,25490.78125,6431.0
3338,0.0,0.0,1.0
3339,0.0,0.0,1.0
3340,0.0,0.0,1.0
3341,93164.84375,3668.75,1169.0
3342,193743.75,11840.0,2640.0
3343,250250.0,9612.5,3987.0
3344,0.0,0.0,1.0
3345,0.0,0.0,1.0
3346,0.0,0.0,1.0
3347,0.0,0.0,1.0
3348,0.0,0.0,1.0
3349,3168.75,93.4375,33.0
3350,483798.4375,28322.5,6593.0
3351,267510.9375,14132.03125,4534.0
3352,0.0,0.0,1.0
3353,169910.9375,8165.9375,2441.0
3354,110273.4375,4412.8125,1533.0
3355,0.0,0.0,1.0
3356,0.0,0.0,1.0
3357,236545.3125,10606.40625,3106.0
3358,0.0,0.0,1.0
3359,0.0,0.0,1.0
3360,0.0,0.0,1.0
3361,0.0,0.0,1.0
3362,219082.8125,21526.25,3016.0
3363,205236.71875,10260.46875,2670.0
3364,241742.1875,14546.40625,4137.0
3365,260275.78125,15309.375,4142.0
3366,0.0,0.0,1.0
3367,0.0,0.0,1.0
3368,131695.3125,4768.125,1662.0
3369,216125.0,11736.875,2858.0
3370,0.0,0.0,1.0
3371,154752.34375,8057.03125,2548.0
3372,0.0,0.0,1.0
3373,0.0,0.0,1.0
3374,206274.21875,10583.59375,2702.0
3375,0.0,0.0,1.0
3376,120190.625,3407.65625,1647.0
3377,0.0,0.0,1.0
3378,0.0,0.0,1.0
3379,112434.375,5038.4375,1852.0
3380,663958.59375,43579.375,8382.0
3381,0.0,0.0,1.0
3382,0.0,0.0,1.0
3383,0.0,0.0,1.0
3384,0.0,0.0,1.0
3385,192319.53125,11393.75,2550.0
3386,4912.5,145.625,64.0
3387,0.0,0.0,1.0
3388,155323.4375,8520.46875,1984.0
3389,0.0,0.0,1.0
3390,0.0,0.0,1.0
3391,0.0,0.0,1.0
3392,0.0,0.0,1.0
3393,0.0,0.0,1.0
3394,107881.25,3340.46875,1662.0
3395,0.0,0.0,1.0
3396,0.0,0.0,1.0
3397,0.0,0.0,1.0
3398,0.0,0.0,1.0
3399,232170.3125,11142.65625,3689.0
3400,0.0,0.0,1.0
3401,0.0,0.0,1.0
3402,0.0,0.0,1.0
3403,0.0,0.0,1.0
3404,0.0,0.0,1.0
3405,0.0,0.0,1.0
3406,0.0,0.0,1.0
3407,0.0,0.0,1.0
3408,126864.84375,4982.8125,1920.0
3409,0.0,0.0,1.0
3410,390387.5,19696.25,6001.0
3411,5331.25,367.5,78.0
3412,177118.75,10138.125,2531.0
3413,0.0,0.0,1.0
3414,0.0,0.0,1.0
3415,500.0,12.5,5.0
3416,0.0,0.0,1.0
3417,0.0,0.0,1.0
3418,0.0,0.0,1.0
3419,0.0,0.0,1.0
3420,0.0,0.0,1.0
3421,0.0,0.0,1.0
3422,0.0,0.0,1.0
3423,0.0,0.0,1.0
3424,134334.375,5477.65625,2083.0
3425,221955.46875,9560.78125,2863.0
3426,516463.28125,35810.625,7167.0
3427,0.0,0.0,1.0
3428,0.0,0.0,1.0
3429,687403.90625,50145.9375,8530.0
3430,184289.84375,9400.0,2409.0
3431,0.0,0.0,1.0
3432,0.0,0.0,1.0
3433,0.0,0.0,1.0
3434,0.0,0.0,1.0
3435,0.0,0.0,1.0
3436,0.0,0.0,1.0
3437,0.0,0.0,1.0
3438,0.0,0.0,1.0
3439,0.0,0.0,1.0
3440,0.0,0.0,1.0
3441,0.0,0.0,1.0
3442,0.0,0.0,1.0
3443,0.0,0.0,1.0
3444,0.0,0.0,1.0
3445,0.0,0.0,1.0
3446,632889.84375,43764.21875,7894.0
3447,0.0,0.0,1.0
3448,0.0,0.0,1.0
3449,0.0,0.0,1.0
3450,0.0,0.0,1.0
3451,0.0,0.0,1.0
3452,0.0,0.0,1.0
3453,0.0,0.0,1.0
3454,0.0,0.0,1.0
3455,0.0,0.0,1.0
3456,0.0,0.0,1.0
3457,0.0,0.0,1.0
3458,0.0,0.0,1.0
3459,0.0,0.0,1.0
3460,0.0,0.0,1.0
3461,0.0,0.0,1.0
3462,221579.6875,10770.0,3553.0
3463,175792.96875,9463.28125,2493.0
3464,0.0,0.0,1.0
3465,800.0,40.0,8.0
3466,120565.625,5600.625,1517.0
3467,0.0,0.0,1.0
3468,0.0,0.0,1.0
3469,230753.90625,12154.0625,3837.0
3470,0.0,0.0,1.0
3471,0.0,0.0,1.0
3472,223113.28125,10923.125,2893.0
3473,0.0,0.0,1.0
3474,0.0,0.0,1.0
3475,0.0,0.0,1.0
3476,143401.5625,6112.1875,2219.0
3477,3887.5,194.375,50.0
3478,9287.5,284.84375,114.0
3479,238751.5625,14439.6875,3095.0
3480,0.0,0.0,1.0
3481,0.0,0.0,1.0
3482,0.0,0.0,1.0
3483,0.0,0.0,1.0
3484,800.0,40.0,8.0
3485,0.0,0.0,1.0
3486,0.0,0.0,1.0
3487,0.0,0.0,1.0
3488,0.0,0.0,1.0
3489,715276.5625,56583.75,8704.0
3490,239030.46875,11690.3125,3339.0
3491,0.0,0.0,1.0
3492,205482.03125,10475.0,3004.0
3493,2600.0,130.0,26.0
3494,0.0,0.0,1.0
3495,0.0,0.0,1.0
3496,0.0,0.0,1.0
3497,0.0,0.0,1.0
3498,0.0,0.0,1.0
3499,0.0,0.0,1.0
3500,0.0,0.0,1.0
3501,0.0,0.0,1.0
3502,373112.5,18784.53125,5423.0
3503,0.0,0.0,1.0
3504,0.0,0.0,1.0
3505,0.0,0.0,1.0
3506,0.0,0.0,1.0
3507,0.0,0.0,1.0
3508,0.0,0.0,1.0
3509,0.0,0.0,1.0
3510,0.0,0.0,1.0
3511,0.0,0.0,1.0
3512,0.0,0.0,1.0
3513,0.0,0.0,1.0
3514,0.0,0.0,1.0
3515,0.0,0.0,1.0
3516,0.0,0.0,1.0
3517,0.0,0.0,1.0
3518,0.0,0.0,1.0
3519,0.0,0.0,1.0
3520,0.0,0.0,1.0
3521,0.0,0.0,1.0
3522,0.0,0.0,1.0
3523,0.0,0.0,1.0
3524,0.0,0.0,1.0
3525,0.0,0.0,1.0
3526,363639.0625,20349.21875,5572.0
3527,0.0,0.0,1.0
3528,157432.03125,6752.65625,2060.0
3529,280375.78125,14733.125,4065.0
3530,294405.46875,17563.4375,4478.0
3531,188014.0625,10278.4375,2513.0
3532,0.0,0.0,1.0
3533,0.0,0.0,1.0
3534,190260.15625,11536.71875,2763.0
3535,138907.8125,5429.53125,1926.0
3536,173279.6875,9594.0625,2450.0
3537,0.0,0.0,1.0
3538,0.0,0.0,1.0
3539,0.0,0.0,1.0
3540,0.0,0.0,1.0
3541,0.0,0.0,1.0
3542,147499.21875,6951.71875,1970.0
3543,338504.6875,18520.3125,4718.0
3544,0.0,0.0,1.0
3545,0.0,0.0,1.0
3546,0.0,0.0,1.0
3547,0.0,0.0,1.0
3548,0.0,0.0,1.0
3549,0.0,0.0,1.0
3550,66420.3125,3560.625,814.0
3551,0.0,0.0,1.0
3552,0.0,0.0,1.0
3553,0.0,0.0,1.0
3554,0.0,0.0,1.0
3555,0.0,0.0,1.0
3556,0.0,0.0,1.0
3557,0.0,0.0,1.0
3558,637745.3125,38880.0,8393.0
3559,1.3671875,0.546875,1.0
3560,0.0,0.0,1.0
3561,148780.46875,5716.71875,2221.0
3562,0.0,0.0,1.0
3563,0.0,0.0,1.0
3564,279364.84375,17358.4375,3663.0
3565,0.0,0.0,1.0
3566,0.0,0.0,1.0
3567,0.0,0.0,1.0
3568,0.0,0.0,1.0
3569,0.0,0.0,1.0
3570,114778.125,3960.78125,1611.0
3571,0.0,0.0,1.0
3572,0.0,0.0,1.0
3573,0.0,0.0,1.0
3574,0.0,0.0,1.0
3575,0.0,0.0,1.0
3576,101502.34375,4036.5625,1659.0
3577,0.0,0.0,1.0
3578,0.0,0.0,1.0
3579,0.0,0.0,1.0
3580,0.0,0.0,1.0
3581,0.0,0.0,1.0
3582,295194.53125,13391.25,4432.0
3583,0.0,0.0,1.0
3584,0.0,0.0,1.0
3585,255135.15625,15347.03125,3809.0
3586,142192.1875,5576.09375,2192.0
3587,0.0,0.0,1.0
3588,0.0,0.0,1.0
3589,0.0,0.0,1.0
3590,0.0,0.0,1.0
3591,0.0,0.0,1.0
3592,0.0,0.0,1.0
3593,0.0,0.0,1.0
3594,0.0,0.0,1.0
3595,0.0,0.0,1.0
3596,2600.0,130.0,26.0
3597,0.0,0.0,1.0
3598,0.0,0.0,1.0
3599,138912.5,6773.4375,2164.0
3600,0.0,0.0,1.0
3601,0.0,0.0,1.0
3602,0.0,0.0,1.0
3603,0.0,0.0,1.0
3604,0.0,0.0,1.0
3605,0.0,0.0,1.0
3606,0.0,0.0,1.0
3607,0.0,0.0,1.0
3608,2600.0,130.0,26.0
3609,0.0,0.0,1.0
3610,165832.8125,8178.4375,2288.0
3611,2600.0,130.0,26.0
3612,0.0,0.0,1.0
3613,0.0,0.0,1.0
3614,0.0,0.0,1.0
3615,0.0,0.0,1.0
3616,120860.15625,4618.75,1692.0
3617,0.0,0.0,1.0
3618,0.0,0.0,1.0
3619,0.0,0.0,1.0
3620,0.0,0.0,1.0
3621,580347.65625,36677.5,7458.0
3622,2167.1875,140.15625,331.0
3623,0.0,0.0,1.0
3624,1700.0,42.5,17.0
3625,0.0,0.0,1.0
3626,0.0,0.0,1.0
3627,0.0,0.0,1.0
3628,0.0,0.0,1.0
3629,0.0,0.0,1.0
3630,0.0,0.0,1.0
3631,0.0,0.0,1.0
3632,0.0,0.0,1.0
3633,128750.78125,5929.375,1541.0
3634,800.0,40.0,8.0
3635,0.0,0.0,1.0
3636,0.0,0.0,1.0
3637,267850.78125,13143.90625,4107.0
3638,3968.75,169.21875,60.0
3639,627178.90625,36965.625,7945.0
3640,0.0,0.0,1.0
3641,0.0,0.0,1.0
3642,0.0,0.0,1.0
3643,0.0,0.0,1.0
3644,271619.53125,14517.34375,4226.0
3645,0.0,0.0,1.0
3646,0.0,0.0,1.0
3647,0.0,0.0,1.0
3648,0.0,0.0,1.0
3649,0.0,0.0,1.0
3650,0.0,0.0,1.0
3651,0.0,0.0,1.0
3652,0.0,0.0,1.0
3653,741680.46875,58247.5,9310.0
3654,0.0,0.0,1.0
3655,0.0,0.0,1.0
3656,0.0,0.0,1.0
3657,0.0,0.0,1.0
3658,0.0,0.0,1.0
3659,0.0,0.0,1.0
3660,0.0,0.0,1.0
3661,0.0,0.0,1.0
3662,0.0,0.0,1.0
3663,0.0,0.0,1.0
3664,0.0,0.0,1.0
3665,0.0,0.0,1.0
3666,0.0,0.0,1.0
3667,0.0,0.0,1.0
3668,0.0,0.0,1.0
3669,0.0,0.0,1.0
3670,0.0,0.0,1.0
3671,0.0,0.0,1.0
3672,0.0,0.0,1.0
3673,0.0,0.0,1.0
3674,0.0,0.0,1.0
3675,0.0,0.0,1.0
3676,243803.90625,18767.5,3656.0
3677,187757.8125,9355.15625,2647.0
3678,399325.78125,20254.6875,6116.0
3679,354146.875,17199.375,5776.0
3680,0.0,0.0,1.0
3681,0.0,0.0,1.0
3682,0.0,0.0,1.0
3683,0.0,0.0,1.0
3684,0.0,0.0,1.0
3685,584917.96875,34526.09375,7646.0
3686,237743.75,11171.40625,3077.0
3687,218519.53125,14412.5,3196.0
3688,140311.71875,7995.78125,2000.0
3689,106800.78125,5950.46875,1329.0
3690,147651.5625,5600.9375,2119.0
3691,0.0,0.0,1.0
3692,0.0,0.0,1.0
3693,173998.4375,9537.03125,2409.0
3694,167160.9375,8860.9375,2343.0
3695,177778.90625,8945.15625,2669.0
3696,147679.6875,7491.5625,1831.0
3697,206117.1875,9996.71875,2599.0
3698,0.0,0.0,1.0
3699,0.0,0.0,1.0
3700,398655.46875,22714.0625,5511.0
3701,0.0,0.0,1.0
3702,0.0,0.0,1.0
3703,0.0,0.0,1.0
3704,0.0,0.0,1.0
3705,603236.71875,74544.6875,7797.0
3706,0.0,0.0,1.0
3707,0.0,0.0,1.0
3708,0.0,0.0,1.0
3709,0.0,0.0,1.0
3710,0.0,0.0,1.0
3711,0.0,0.0,1.0
3712,0.0,0.0,1.0
3713,251751.5625,16571.25,3736.0
3714,0.0,0.0,1.0
3715,1700.0,42.5,17.0
3716,197535.9375,11440.625,2722.0
3717,128231.25,5053.59375,1573.0
3718,0.0,0.0,1.0
3719,406382.03125,26565.3125,6252.0
3720,155601.5625,7654.6875,2268.0
3721,0.0,0.0,1.0
3722,0.0,0.0,1.0
3723,0.0,0.0,1.0
3724,0.0,0.0,1.0
3725,0.0,0.0,1.0
3726,0.0,0.0,1.0
3727,0.0,0.0,1.0
3728,0.0,0.0,1.0
3729,0.0,0.0,1.0
3730,0.0,0.0,1.0
3731,0.0,0.0,1.0
3732,378821.875,17407.34375,5546.0
3733,0.0,0.0,1.0
3734,0.0,0.0,1.0
3735,0.0,0.0,1.0
3736,0.0,0.0,1.0
3737,0.0,0.0,1.0
3738,0.0,0.0,1.0
3739,0.0,0.0,1.0
3740,0.0,0.0,1.0
3741,3206.25,95.3125,33.0
3742,0.0,0.0,1.0
3743,0.0,0.0,1.0
3744,0.0,0.0,1.0
3745,0.0,0.0,1.0
3746,0.0,0.0,1.0
3747,0.0,0.0,1.0
