0,638928.90625,41899.53125,8311.0
1,5.078125,2.03125,1.0
2,0.0,0.0,1.0
3,6726.5625,291.5625,115.0
4,0.0,0.0,1.0
5,353686.71875,18942.03125,5486.0
6,207019.53125,10959.53125,2915.0
7,421527.34375,27092.03125,5914.0
8,220621.09375,10244.6875,3058.0
9,1778.125,177.8125,293.0
10,0.0,0.0,1.0
11,0.0,0.0,1.0
12,261826.5625,13148.59375,4174.0
13,0.0,0.0,1.0
14,0.0,0.0,1.0
15,21500.0,1422.03125,344.0
16,0.0,0.0,1.0
17,0.0,0.0,1.0
18,742652.34375,53974.375,9206.0
19,205544.53125,11377.03125,2935.0
20,277610.15625,15858.125,4225.0
21,168935.9375,8150.46875,2135.0
22,301000.0,22083.4375,5035.0
23,63170.3125,3405.0,902.0
24,0.0,0.0,1.0
25,181405.46875,8066.5625,2459.0
26,558196.875,35187.96875,8115.0
27,193624.21875,10257.1875,2733.0
28,211630.46875,10971.875,2861.0
29,137167.96875,6179.0625,2134.0
30,500.0,12.5,5.0
31,148636.71875,8225.9375,2302.0
32,0.0,0.0,1.0
33,272503.125,13372.34375,3593.0
34,0.0,0.0,1.0
35,4131.25,206.5625,65.0
36,0.0,0.0,1.0
37,3278.125,164.84375,41.0
38,0.0,0.0,1.0
39,131137.5,5227.1875,1821.0
40,175308.59375,6422.34375,2315.0
41,444836.71875,23930.9375,6464.0
42,445401.5625,26804.375,6537.0
43,0.0,0.0,1.0
44,0.0,0.0,1.0
45,297188.28125,17250.3125,4498.0
46,189103.90625,9079.0625,2559.0
47,315206.25,18249.6875,4667.0
48,602787.5,38762.34375,8048.0
49,540234.375,33419.6875,7487.0
50,32018.75,4050.0,421.0
51,3895.703125,409.53125,377.0
52,119291.40625,5159.84375,1497.0
53,436066.40625,27110.3125,6577.0
54,224522.65625,11182.1875,2862.0
55,65353.125,8827.1875,798.0
56,305575.0,17468.4375,4124.0
57,67740.625,4148.125,781.0
58,177196.875,7943.28125,2269.0
59,59254.296875,8090.3125,761.0
60,36928.125,4485.9375,454.0
61,25741.40625,4581.5625,439.0
62,312623.4375,15648.59375,4627.0
63,0.0,0.0,1.0
64,0.0,0.0,1.0
65,0.0,0.0,1.0
66,0.0,0.0,1.0
67,0.0,0.0,1.0
68,0.0,0.0,1.0
69,0.0,0.0,1.0
70,0.0,0.0,1.0
71,0.0,0.0,1.0
72,0.0,0.0,1.0
73,0.0,0.0,1.0
74,0.0,0.0,1.0
75,384048.4375,21699.375,6046.0
76,0.0,0.0,1.0
77,0.0,0.0,1.0
78,0.0,0.0,1.0
79,0.0,0.0,1.0
80,0.0,0.0,1.0
81,193245.3125,11545.3125,2854.0
82,127104.6875,6164.6875,1752.0
83,0.0,0.0,1.0
84,0.0,0.0,1.0
85,0.0,0.0,1.0
86,0.0,0.0,1.0
87,0.0,0.0,1.0
88,0.0,0.0,1.0
89,0.0,0.0,1.0
90,663003.90625,45348.90625,8826.0
91,0.0,0.0,1.0
92,0.0,0.0,1.0
93,0.0,0.0,1.0
94,72315.625,4557.1875,946.0
95,0.0,0.0,1.0
96,357438.28125,18358.75,5655.0
97,352157.03125,18456.25,5620.0
98,0.0,0.0,1.0
99,586202.34375,72451.25,7737.0
100,32903.125,2342.65625,453.0
101,7.03125,2.8125,1.0
102,0.0,0.0,1.0
103,0.0,0.0,1.0
104,0.0,0.0,1.0
105,10109.375,413.28125,114.0
106,0.0,0.0,1.0
107,1125.0,40.625,17.0
108,383763.28125,19177.1875,6024.0
109,0.0,0.0,1.0
110,0.0,0.0,1.0
111,0.0,0.0,1.0
112,0.0,0.0,1.0
113,0.0,0.0,1.0
114,0.0,0.0,1.0
115,0.0,0.0,1.0
116,176790.625,10180.78125,2307.0
117,0.0,0.0,1.0
118,0.0,0.0,1.0
119,0.0,0.0,1.0
120,0.0,0.0,1.0
121,0.0,0.0,1.0
122,0.0,0.0,1.0
123,0.0,0.0,1.0
124,0.0,0.0,1.0
125,0.0,0.0,1.0
126,0.0,0.0,1.0
127,248850.78125,20685.3125,4395.0
128,0.0,0.0,1.0
129,0.0,0.0,1.0
130,0.0,0.0,1.0
131,0.0,0.0,1.0
132,0.0,0.0,1.0
133,0.0,0.0,1.0
134,0.0,0.0,1.0
135,0.0,0.0,1.0
136,0.0,0.0,1.0
137,0.0,0.0,1.0
138,0.0,0.0,1.0
139,0.0,0.0,1.0
140,0.0,0.0,1.0
141,0.0,0.0,1.0
142,0.0,0.0,1.0
143,0.0,0.0,1.0
144,0.0,0.0,1.0
145,0.0,0.0,1.0
146,0.0,0.0,1.0
147,0.0,0.0,1.0
148,193138.28125,10035.15625,2634.0
149,0.0,0.0,1.0
150,204772.65625,10890.625,2898.0
151,0.0,0.0,1.0
152,0.0,0.0,1.0
153,118042.96875,5078.75,1756.0
154,0.0,0.0,1.0
155,0.0,0.0,1.0
156,0.0,0.0,1.0
157,411318.75,22057.65625,6079.0
158,0.0,0.0,1.0
159,0.0,0.0,1.0
160,0.0,0.0,1.0
161,0.0,0.0,1.0
162,0.0,0.0,1.0
163,0.0,0.0,1.0
164,0.0,0.0,1.0
165,0.0,0.0,1.0
166,0.0,0.0,1.0
167,0.0,0.0,1.0
168,0.0,0.0,1.0
169,0.0,0.0,1.0
170,349338.28125,18732.03125,5317.0
171,227567.96875,12585.46875,3777.0
172,217708.59375,10757.03125,3022.0
173,411690.625,26625.9375,6053.0
174,0.0,0.0,1.0
175,28046.875,3160.625,470.0
176,695355.46875,45899.0625,8721.0
177,0.0,0.0,1.0
178,450285.15625,26399.0625,6168.0
179,0.0,0.0,1.0
180,0.0,0.0,1.0
181,219089.0625,10547.65625,2983.0
182,3643.75,182.1875,65.0
183,148637.5,5667.5,2013.0
184,0.0,0.0,1.0
185,426128.90625,23936.09375,5849.0
186,0.0,0.0,1.0
187,0.0,0.0,1.0
188,0.0,0.0,1.0
189,0.0,0.0,1.0
190,0.0,0.0,1.0
191,0.0,0.0,1.0
192,0.0,0.0,1.0
193,0.0,0.0,1.0
194,100034.375,4356.71875,1838.0
195,0.0,0.0,1.0
196,0.0,0.0,1.0
197,0.0,0.0,1.0
198,219917.1875,12228.75,3279.0
199,606811.71875,32149.53125,8165.0
200,203030.46875,9843.90625,2731.0
201,304215.625,16780.0,4653.0
202,0.0,0.0,1.0
203,0.0,0.0,1.0
204,0.0,0.0,1.0
205,4265.625,197.1875,71.0
206,0.0,0.0,1.0
207,0.0,0.0,1.0
208,0.0,0.0,1.0
209,0.0,0.0,1.0
210,0.0,0.0,1.0
211,128096.09375,5361.71875,1795.0
212,0.0,0.0,1.0
213,0.0,0.0,1.0
214,0.0,0.0,1.0
215,0.0,0.0,1.0
216,0.0,0.0,1.0
217,0.0,0.0,1.0
218,231606.25,26775.625,3943.0
219,196363.28125,10536.09375,3084.0
220,422160.15625,23273.125,6348.0
221,0.0,0.0,1.0
222,0.0,0.0,1.0
223,0.0,0.0,1.0
224,0.0,0.0,1.0
225,534754.6875,33104.375,7108.0
226,137765.625,6296.25,2152.0
227,364243.75,18468.125,5376.0
228,392283.59375,20551.09375,5986.0
229,0.0,0.0,1.0
230,3162.5,158.125,33.0
231,0.0,0.0,1.0
232,4728.125,159.0625,61.0
233,230763.28125,11542.8125,3113.0
234,507698.4375,31547.34375,6592.0
235,0.0,0.0,1.0
236,0.0,0.0,1.0
237,0.0,0.0,1.0
238,66998.4375,3726.875,811.0
239,148285.15625,6633.59375,1760.0
240,2600.0,121.875,26.0
241,216682.8125,12247.03125,3031.0
242,0.0,0.0,1.0
243,0.0,0.0,1.0
244,0.0,0.0,1.0
245,279390.625,13229.6875,4373.0
246,500010.9375,30488.90625,6880.0
247,413941.40625,26592.65625,5637.0
248,35948.828125,7054.0625,799.0
249,32257.03125,2494.53125,376.0
250,5816.40625,772.5,294.0
251,101264.0625,3130.78125,1561.0
252,0.0,0.0,1.0
253,126926.5625,5475.15625,1688.0
254,187924.21875,10010.78125,2690.0
255,246424.21875,12710.78125,3363.0
256,0.0,0.0,1.0
257,0.0,0.0,1.0
258,0.0,0.0,1.0
259,275636.71875,13970.78125,3521.0
260,0.0,0.0,1.0
261,217117.1875,11127.65625,3213.0
262,0.0,0.0,1.0
263,60411.71875,6846.5625,802.0
264,0.0,0.0,1.0
265,0.0,0.0,1.0
266,381783.59375,19907.5,5863.0
267,191768.75,8483.28125,2508.0
268,306974.21875,13262.1875,4137.0
269,688838.28125,55293.4375,9126.0
270,19823.4375,1632.65625,459.0
271,37079.6875,1528.125,571.0
272,199539.84375,12233.75,2753.0
273,415967.96875,20465.46875,6216.0
274,276688.28125,17631.40625,3495.0
275,0.0,0.0,1.0
276,0.0,0.0,1.0
277,0.0,0.0,1.0
278,0.0,0.0,1.0
279,448231.25,23880.625,6377.0
280,5112.5,173.125,78.0
281,0.0,0.0,1.0
282,550214.0625,37150.625,6985.0
283,29549.21875,2817.1875,392.0
284,301600.0,17901.40625,4154.0
285,9138.671875,2140.15625,372.0
286,163070.3125,8277.03125,2512.0
287,625478.125,46094.84375,8288.0
288,279662.5,14432.8125,3933.0
289,31623.4375,3154.375,347.0
290,11246.09375,2463.125,346.0
291,77196.875,4839.21875,1112.0
292,14123.828125,2575.46875,316.0
293,6276.5625,737.65625,306.0
294,406428.125,22709.53125,5807.0
295,0.0,0.0,1.0
296,232898.4375,13575.9375,3595.0
297,291630.46875,14240.0,4211.0
298,3150.0,157.5,33.0
299,3012.5,93.75,33.0
300,0.0,0.0,1.0
301,0.0,0.0,1.0
302,0.0,0.0,1.0
303,0.0,0.0,1.0
304,3315.625,119.375,41.0
305,0.0,0.0,1.0
306,3168.75,125.9375,33.0
307,0.0,0.0,1.0
308,0.0,0.0,1.0
309,170372.65625,9211.875,2538.0
310,270092.96875,13015.625,4480.0
311,0.0,0.0,1.0
312,0.0,0.0,1.0
313,0.0,0.0,1.0
314,0.0,0.0,1.0
315,0.0,0.0,1.0
316,162683.59375,8107.65625,2369.0
317,123302.34375,4352.5,1847.0
318,0.0,0.0,1.0
319,142005.46875,4807.1875,2024.0
320,500.0,12.5,5.0
321,25751.5625,1359.21875,351.0
322,153395.3125,8758.4375,2623.0
323,0.0,0.0,1.0
324,398025.78125,21485.9375,5793.0
325,1853.125,309.53125,287.0
326,0.0,0.0,1.0
327,0.0,0.0,1.0
328,190129.6875,9162.34375,3078.0
329,388924.21875,20144.375,5544.0
330,0.0,0.0,1.0
331,281624.21875,15038.90625,4530.0
332,114140.625,4032.65625,1531.0
333,101390.625,4318.28125,1462.0
334,0.0,0.0,1.0
335,392059.375,20763.4375,5783.0
336,0.0,0.0,1.0
337,0.0,0.0,1.0
338,269114.0625,12116.875,3986.0
339,0.0,0.0,1.0
340,158847.65625,7658.4375,2314.0
341,0.0,0.0,1.0
342,0.0,0.0,1.0
343,0.0,0.0,1.0
344,0.0,0.0,1.0
345,800.0,40.0,8.0
346,568250.0,34727.65625,7514.0
347,3638.28125,682.96875,308.0
348,0.0,0.0,1.0
349,0.0,0.0,1.0
350,0.0,0.0,1.0
351,0.0,0.0,1.0
352,0.0,0.0,1.0
353,0.0,0.0,1.0
354,0.0,0.0,1.0
355,0.0,0.0,1.0
356,0.0,0.0,1.0
357,290496.875,25563.4375,4427.0
358,0.0,0.0,1.0
359,131471.09375,5232.34375,1999.0
360,0.0,0.0,1.0
361,5418.75,170.9375,80.0
362,0.0,0.0,1.0
363,0.0,0.0,1.0
364,174429.6875,7853.90625,2314.0
365,342732.8125,18067.65625,5013.0
366,0.0,0.0,1.0
367,0.0,0.0,1.0
368,0.0,0.0,1.0
369,0.0,0.0,1.0
370,0.0,0.0,1.0
371,0.0,0.0,1.0
372,0.0,0.0,1.0
373,502060.15625,30642.34375,6735.0
374,126597.65625,6023.4375,1446.0
375,1700.0,42.5,17.0
376,0.0,0.0,1.0
377,136060.9375,8154.84375,2038.0
378,0.0,0.0,1.0
379,0.0,0.0,1.0
380,0.0,0.0,1.0
381,0.0,0.0,1.0
382,0.0,0.0,1.0
383,0.0,0.0,1.0
384,183160.9375,12178.125,2708.0
385,228685.15625,11233.28125,3229.0
386,3631.25,181.5625,48.0
387,0.0,0.0,1.0
388,725.0,33.125,8.0
389,0.0,0.0,1.0
390,0.0,0.0,1.0
391,605725.0,42767.03125,7946.0
392,128496.09375,5439.53125,1715.0
393,0.0,0.0,1.0
394,125876.5625,6186.5625,1883.0
395,0.0,0.0,1.0
396,0.0,0.0,1.0
397,144750.78125,6226.25,1844.0
398,214945.3125,10146.40625,2819.0
399,135489.0625,4946.25,1665.0
400,0.0,0.0,1.0
401,122295.3125,6769.6875,1533.0
402,0.0,0.0,1.0
403,240983.59375,14769.6875,3440.0
404,0.0,0.0,1.0
405,0.0,0.0,1.0
406,0.0,0.0,1.0
407,0.0,0.0,1.0
408,0.0,0.0,1.0
409,0.0,0.0,1.0
410,0.0,0.0,1.0
411,0.0,0.0,1.0
412,0.0,0.0,1.0
413,379919.53125,18058.59375,5562.0
414,0.0,0.0,1.0
415,0.0,0.0,1.0
416,0.0,0.0,1.0
417,396919.53125,21216.40625,6129.0
418,123078.90625,5272.65625,1792.0
419,442744.53125,27246.5625,6126.0
420,321803.125,18935.78125,4973.0
421,0.0,0.0,1.0
422,0.0,0.0,1.0
423,0.0,0.0,1.0
424,57781.25,3348.90625,813.0
425,0.0,0.0,1.0
426,0.0,0.0,1.0
427,0.0,0.0,1.0
428,0.0,0.0,1.0
429,0.0,0.0,1.0
430,0.0,0.0,1.0
431,371628.125,17264.6875,5606.0
432,0.0,0.0,1.0
433,0.0,0.0,1.0
434,0.0,0.0,1.0
435,0.0,0.0,1.0
436,0.0,0.0,1.0
437,0.0,0.0,1.0
438,0.0,0.0,1.0
439,0.0,0.0,1.0
440,0.0,0.0,1.0
441,1700.0,42.5,17.0
442,0.0,0.0,1.0
443,149320.3125,4831.25,2164.0
444,165359.375,9175.9375,2233.0
445,0.0,0.0,1.0
446,277630.46875,41802.5,4247.0
447,302916.40625,15369.0625,4444.0
448,0.0,0.0,1.0
449,0.0,0.0,1.0
450,0.0,0.0,1.0
451,0.0,0.0,1.0
452,0.0,0.0,1.0
453,0.0,0.0,1.0
454,0.0,0.0,1.0
455,0.0,0.0,1.0
456,0.0,0.0,1.0
457,133604.6875,5148.90625,1794.0
458,0.0,0.0,1.0
459,127053.125,5045.15625,1787.0
460,0.0,0.0,1.0
461,413224.21875,23338.75,5767.0
462,138908.59375,6236.09375,2181.0
463,211018.75,10830.78125,3617.0
464,0.0,0.0,1.0
465,0.0,0.0,1.0
466,125.0,3.125,5.0
467,0.0,0.0,1.0
468,0.0,0.0,1.0
469,196250.78125,10404.375,2455.0
470,133309.375,4643.125,1959.0
471,0.0,0.0,1.0
472,0.0,0.0,1.0
473,255558.59375,13681.09375,3935.0
474,0.0,0.0,1.0
475,706394.53125,51937.03125,8627.0
476,216912.5,9363.75,3076.0
477,0.0,0.0,1.0
478,0.0,0.0,1.0
479,2600.0,130.0,26.0
480,308591.40625,16499.0625,4206.0
481,0.0,0.0,1.0
482,0.0,0.0,1.0
483,0.0,0.0,1.0
484,0.0,0.0,1.0
485,0.0,0.0,1.0
486,0.0,0.0,1.0
487,0.0,0.0,1.0
488,282702.34375,12615.3125,4306.0
489,256196.09375,16962.65625,3438.0
490,0.0,0.0,1.0
491,226200.0,11314.0625,3549.0
492,0.0,0.0,1.0
493,0.0,0.0,1.0
494,0.0,0.0,1.0
495,195892.96875,10389.6875,2647.0
496,0.0,0.0,1.0
497,0.0,0.0,1.0
498,0.0,0.0,1.0
499,0.0,0.0,1.0
500,63866.40625,6148.4375,877.0
501,0.0,0.0,1.0
502,0.0,0.0,1.0
503,299371.09375,13131.71875,4671.0
504,64414.0625,3197.96875,801.0
505,0.0,0.0,1.0
506,0.0,0.0,1.0
507,0.0,0.0,1.0
508,0.0,0.0,1.0
509,191058.59375,8924.84375,2764.0
510,295864.0625,14341.875,4723.0
511,0.0,0.0,1.0
512,0.0,0.0,1.0
513,0.0,0.0,1.0
514,425342.1875,28182.8125,6411.0
515,0.0,0.0,1.0
516,0.0,0.0,1.0
517,0.0,0.0,1.0
518,0.0,0.0,1.0
519,3137.5,156.875,33.0
520,191292.96875,9752.96875,2580.0
521,202375.78125,8614.84375,2731.0
522,736861.71875,49463.28125,8899.0
523,31196.875,2409.84375,439.0
524,137465.625,5591.71875,1822.0
525,29182.03125,1873.125,404.0
526,298603.125,14956.25,4283.0
527,25481.640625,2910.625,446.0
528,672514.84375,50989.53125,8740.0
529,21171.875,1224.84375,377.0
530,3787.5,383.4375,370.0
531,137542.96875,4450.15625,1919.0
532,0.0,0.0,1.0
533,0.0,0.0,1.0
534,0.0,0.0,1.0
535,0.0,0.0,1.0
536,108759.375,3189.6875,1422.0
537,0.0,0.0,1.0
538,0.0,0.0,1.0
539,0.0,0.0,1.0
540,0.0,0.0,1.0
541,411896.875,20441.875,5724.0
542,0.0,0.0,1.0
543,0.0,0.0,1.0
544,800.0,40.0,8.0
545,0.0,0.0,1.0
546,205546.875,9544.53125,2673.0
547,0.0,0.0,1.0
548,428746.875,22528.75,6229.0
549,0.0,0.0,1.0
550,0.0,0.0,1.0
551,0.0,0.0,1.0
552,0.0,0.0,1.0
553,800.0,40.0,8.0
554,296467.1875,20371.5625,4255.0
555,614476.5625,43133.75,8346.0
556,0.0,0.0,1.0
557,0.0,0.0,1.0
558,0.0,0.0,1.0
559,0.0,0.0,1.0
560,0.0,0.0,1.0
561,0.0,0.0,1.0
562,203500.78125,9560.46875,2575.0
563,0.0,0.0,1.0
564,0.0,0.0,1.0
565,375064.0625,19208.59375,5742.0
566,0.0,0.0,1.0
567,27093.75,3714.0625,351.0
568,0.0,0.0,1.0
569,0.0,0.0,1.0
570,0.0,0.0,1.0
571,0.0,0.0,1.0
572,0.0,0.0,1.0
573,141732.8125,7295.625,1754.0
574,0.0,0.0,1.0
575,0.0,0.0,1.0
576,0.0,0.0,1.0
577,0.0,0.0,1.0
578,0.0,0.0,1.0
579,0.0,0.0,1.0
580,4943.75,147.1875,60.0
581,0.0,0.0,1.0
582,0.0,0.0,1.0
583,0.0,0.0,1.0
584,227684.375,10842.34375,3382.0
585,0.0,0.0,1.0
586,114950.78125,4450.3125,1382.0
587,125106.25,4389.21875,2090.0
588,0.0,0.0,1.0
589,0.0,0.0,1.0
590,0.0,0.0,1.0
591,0.0,0.0,1.0
592,0.0,0.0,1.0
593,244792.1875,11538.4375,4012.0
594,141165.625,6898.125,1706.0
595,0.0,0.0,1.0
596,0.0,0.0,1.0
597,0.0,0.0,1.0
598,0.0,0.0,1.0
599,0.0,0.0,1.0
600,4337.5,200.625,72.0
601,0.0,0.0,1.0
602,0.0,0.0,1.0
603,337654.6875,18577.5,5198.0
604,0.0,0.0,1.0
605,185538.28125,11819.53125,2773.0
606,0.0,0.0,1.0
607,0.0,0.0,1.0
608,0.0,0.0,1.0
609,0.0,0.0,1.0
610,0.0,0.0,1.0
611,172857.03125,9262.03125,2519.0
612,166342.1875,8342.03125,2676.0
613,0.0,0.0,1.0
614,1700.0,42.5,17.0
615,0.0,0.0,1.0
616,0.0,0.0,1.0
617,0.0,0.0,1.0
618,0.0,0.0,1.0
619,0.0,0.0,1.0
620,0.0,0.0,1.0
621,0.0,0.0,1.0
622,0.0,0.0,1.0
623,0.0,0.0,1.0
624,142406.25,6627.8125,1740.0
625,0.0,0.0,1.0
626,5641.40625,187.34375,74.0
627,0.0,0.0,1.0
628,0.0,0.0,1.0
629,137846.09375,6155.78125,2211.0
630,633764.0625,51517.65625,8345.0
631,0.0,0.0,1.0
632,0.0,0.0,1.0
633,0.0,0.0,1.0
634,0.0,0.0,1.0
635,0.0,0.0,1.0
636,0.0,0.0,1.0
637,0.0,0.0,1.0
638,0.0,0.0,1.0
639,0.0,0.0,1.0
640,0.0,0.0,1.0
641,0.0,0.0,1.0
642,0.0,0.0,1.0
643,0.0,0.0,1.0
644,837289.0625,34728.90625,9561.0
645,0.0,0.0,1.0
646,0.0,0.0,1.0
647,125591.40625,5967.5,1675.0
648,0.0,0.0,1.0
649,0.0,0.0,1.0
650,0.0,0.0,1.0
651,268003.90625,11262.5,4326.0
652,0.0,0.0,1.0
653,0.0,0.0,1.0
654,0.0,0.0,1.0
655,0.0,0.0,1.0
656,162881.25,7446.5625,2145.0
657,323650.0,19117.5,4999.0
658,0.0,0.0,1.0
659,110278.125,3913.28125,1977.0
660,447875.0,24212.03125,6636.0
661,0.0,0.0,1.0
662,0.0,0.0,1.0
663,0.0,0.0,1.0
664,212719.53125,11772.5,3000.0
665,210333.59375,10749.375,3468.0
666,0.0,0.0,1.0
667,0.0,0.0,1.0
668,2925.0,146.25,33.0
669,9800.0,316.09375,114.0
670,0.0,0.0,1.0
671,0.0,0.0,1.0
672,246034.375,13868.59375,3120.0
673,0.0,0.0,1.0
674,188361.71875,8914.6875,2513.0
675,0.0,0.0,1.0
676,2600.0,130.0,26.0
677,0.0,0.0,1.0
678,318401.5625,15947.8125,4665.0
679,0.0,0.0,1.0
680,0.0,0.0,1.0
681,0.0,0.0,1.0
682,306341.40625,14905.9375,4141.0
683,0.0,0.0,1.0
684,0.0,0.0,1.0
685,235592.96875,10893.75,3238.0
686,127829.6875,6137.34375,1580.0
687,0.0,0.0,1.0
688,130082.03125,5059.21875,2044.0
689,0.0,0.0,1.0
690,257536.71875,12112.65625,4314.0
691,179809.375,9977.8125,2313.0
692,182171.875,9083.90625,2566.0
693,0.0,0.0,1.0
694,0.0,0.0,1.0
695,0.0,0.0,1.0
696,800.0,40.0,8.0
697,0.0,0.0,1.0
698,0.0,0.0,1.0
699,0.0,0.0,1.0
700,0.0,0.0,1.0
701,0.0,0.0,1.0
702,0.0,0.0,1.0
703,0.0,0.0,1.0
704,0.0,0.0,1.0
705,0.0,0.0,1.0
706,0.0,0.0,1.0
707,0.0,0.0,1.0
708,0.0,0.0,1.0
709,0.0,0.0,1.0
710,10093.75,434.375,115.0
711,373308.59375,19180.9375,5717.0
712,133071.09375,5528.4375,1886.0
713,316053.125,15725.15625,4606.0
714,4171.875,203.75,72.0
715,2600.0,121.875,26.0
716,0.0,0.0,1.0
717,0.0,0.0,1.0
718,0.0,0.0,1.0
719,0.0,0.0,1.0
720,0.0,0.0,1.0
721,0.0,0.0,1.0
722,73906.25,3335.9375,938.0
723,0.0,0.0,1.0
724,0.0,0.0,1.0
725,0.0,0.0,1.0
726,0.0,0.0,1.0
727,0.0,0.0,1.0
728,0.0,0.0,1.0
729,0.0,0.0,1.0
730,0.0,0.0,1.0
731,0.0,0.0,1.0
732,0.0,0.0,1.0
733,0.0,0.0,1.0
734,0.0,0.0,1.0
735,595703.90625,38341.875,7631.0
736,7439.453125,1203.125,770.0
737,299919.53125,15838.125,4021.0
738,0.0,0.0,1.0
739,0.0,0.0,1.0
740,0.0,0.0,1.0
741,485484.375,31300.0,6775.0
742,0.0,0.0,1.0
743,0.0,0.0,1.0
744,0.0,0.0,1.0
745,0.0,0.0,1.0
746,0.0,0.0,1.0
747,0.0,0.0,1.0
748,0.0,0.0,1.0
749,0.0,0.0,1.0
750,0.0,0.0,1.0
751,0.0,0.0,1.0
752,129999.21875,6257.34375,1937.0
753,0.0,0.0,1.0
754,605227.34375,84024.375,7933.0
755,529960.9375,34040.625,7306.0
756,26317.96875,3331.953125,801.0
757,46728.515625,7378.59375,775.0
758,32468.75,3829.375,758.0
759,40814.453125,4689.53125,437.0
760,39549.21875,3758.90625,436.0
761,335336.71875,16395.0,5763.0
762,38817.578125,4870.78125,729.0
763,9406.25,682.03125,421.0
764,0.0,0.0,1.0
765,0.0,0.0,1.0
766,0.0,0.0,1.0
767,105442.1875,3606.5625,1798.0
768,0.0,0.0,1.0
769,0.0,0.0,1.0
770,0.0,0.0,1.0
771,0.0,0.0,1.0
772,0.0,0.0,1.0
773,254755.46875,16035.625,3567.0
774,187900.0,11295.9375,2549.0
775,414728.90625,23114.6875,5484.0
776,727503.90625,57857.65625,9040.0
777,44414.0625,3383.28125,526.0
778,11287.6953125,1800.15625,467.0
779,0.0,0.0,1.0
780,0.0,0.0,1.0
781,0.0,0.0,1.0
782,0.0,0.0,1.0
783,0.0,0.0,1.0
784,0.0,0.0,1.0
785,0.0,0.0,1.0
786,0.0,0.0,1.0
787,0.0,0.0,1.0
788,51035.9375,2571.71875,758.0
789,0.0,0.0,1.0
790,0.0,0.0,1.0
791,0.0,0.0,1.0
792,0.0,0.0,1.0
793,0.0,0.0,1.0
794,143855.46875,6440.0,2055.0
795,0.0,0.0,1.0
796,0.0,0.0,1.0
797,0.0,0.0,1.0
798,0.0,0.0,1.0
799,0.0,0.0,1.0
800,0.0,0.0,1.0
801,0.0,0.0,1.0
802,158671.875,6639.6875,2298.0
803,0.0,0.0,1.0
804,0.0,0.0,1.0
805,0.0,0.0,1.0
806,0.0,0.0,1.0
807,0.0,0.0,1.0
808,0.0,0.0,1.0
809,0.0,0.0,1.0
810,0.0,0.0,1.0
811,0.0,0.0,1.0
812,0.0,0.0,1.0
813,0.0,0.0,1.0
814,0.0,0.0,1.0
815,0.0,0.0,1.0
816,0.0,0.0,1.0
817,0.0,0.0,1.0
818,0.0,0.0,1.0
819,205700.0,13375.625,2677.0
820,0.0,0.0,1.0
821,0.0,0.0,1.0
822,137772.65625,6527.96875,1731.0
823,0.0,0.0,1.0
824,0.0,0.0,1.0
825,42429.6875,2310.625,770.0
826,149062.5,7288.75,2175.0
827,69582.8125,3750.3125,850.0
828,0.0,0.0,1.0
829,0.0,0.0,1.0
830,113631.25,4593.28125,1661.0
831,0.0,0.0,1.0
832,326594.53125,37342.1875,5047.0
833,0.0,0.0,1.0
834,0.0,0.0,1.0
835,0.0,0.0,1.0
836,0.0,0.0,1.0
837,0.0,0.0,1.0
838,211161.71875,12554.0625,2850.0
839,0.0,0.0,1.0
840,0.0,0.0,1.0
841,198061.71875,9514.84375,2764.0
842,7881.25,307.96875,114.0
843,85646.875,2863.4375,1212.0
844,0.0,0.0,1.0
845,0.0,0.0,1.0
846,509822.65625,30536.5625,7127.0
847,0.0,0.0,1.0
848,434635.9375,25484.0625,6020.0
849,581495.3125,33975.15625,7990.0
850,0.0,0.0,1.0
851,0.0,0.0,1.0
852,0.0,0.0,1.0
853,0.0,0.0,1.0
854,0.0,0.0,1.0
855,68016.40625,3993.90625,813.0
856,0.0,0.0,1.0
857,0.0,0.0,1.0
858,0.0,0.0,1.0
859,174016.40625,9190.625,2563.0
860,0.0,0.0,1.0
861,0.0,0.0,1.0
862,112808.59375,4665.9375,1441.0
863,0.0,0.0,1.0
864,0.0,0.0,1.0
865,0.0,0.0,1.0
866,0.0,0.0,1.0
867,0.0,0.0,1.0
868,0.0,0.0,1.0
869,0.0,0.0,1.0
870,0.0,0.0,1.0
871,0.0,0.0,1.0
872,0.0,0.0,1.0
873,147596.09375,10940.15625,2004.0
874,0.0,0.0,1.0
875,0.0,0.0,1.0
876,0.0,0.0,1.0
877,592071.09375,37013.4375,8082.0
878,0.0,0.0,1.0
879,0.0,0.0,1.0
880,0.0,0.0,1.0
881,0.0,0.0,1.0
882,0.0,0.0,1.0
883,100747.65625,3073.75,1723.0
884,4018.75,174.375,71.0
885,0.0,0.0,1.0
886,359138.28125,16546.09375,5677.0
887,170357.03125,10416.71875,2711.0
888,0.0,0.0,1.0
889,293633.59375,16887.65625,4100.0
890,0.0,0.0,1.0
891,139546.09375,6657.65625,1950.0
892,800.0,40.0,8.0
893,0.0,0.0,1.0
894,359324.21875,19527.03125,5367.0
895,210685.15625,16276.71875,2693.0
896,0.0,0.0,1.0
897,286660.9375,17807.1875,3475.0
898,0.0,0.0,1.0
899,0.0,0.0,1.0
900,201549.21875,11098.59375,2858.0
901,0.0,0.0,1.0
902,0.0,0.0,1.0
903,0.0,0.0,1.0
904,0.0,0.0,1.0
905,0.0,0.0,1.0
906,230157.03125,11401.09375,3660.0
907,0.0,0.0,1.0
908,0.0,0.0,1.0
909,0.0,0.0,1.0
910,0.0,0.0,1.0
911,0.0,0.0,1.0
912,0.0,0.0,1.0
913,147430.46875,6769.0625,1773.0
914,366748.4375,19737.65625,5267.0
915,119544.53125,4393.125,1770.0
916,0.0,0.0,1.0
917,0.0,0.0,1.0
918,0.0,0.0,1.0
919,0.0,0.0,1.0
920,0.0,0.0,1.0
921,0.0,0.0,1.0
922,0.0,0.0,1.0
923,0.0,0.0,1.0
924,0.0,0.0,1.0
925,0.0,0.0,1.0
926,0.0,0.0,1.0
927,0.0,0.0,1.0
928,94982.8125,4724.375,1154.0
929,0.0,0.0,1.0
930,0.0,0.0,1.0
931,0.0,0.0,1.0
932,252138.28125,12815.3125,3486.0
933,2600.0,130.0,26.0
934,0.0,0.0,1.0
935,428778.90625,28167.5,6270.0
936,0.0,0.0,1.0
937,0.0,0.0,1.0
938,64015.625,3086.5625,789.0
939,230773.4375,14081.5625,3798.0
940,55796.09375,3352.96875,802.0
941,115195.3125,6428.75,1520.0
942,0.0,0.0,1.0
943,0.0,0.0,1.0
944,0.0,0.0,1.0
945,0.0,0.0,1.0
946,0.0,0.0,1.0
947,0.0,0.0,1.0
948,0.0,0.0,1.0
949,0.0,0.0,1.0
950,0.0,0.0,1.0
951,0.0,0.0,1.0
952,0.0,0.0,1.0
953,0.0,0.0,1.0
954,281365.625,13661.09375,4357.0
955,0.0,0.0,1.0
956,0.0,0.0,1.0
957,0.0,0.0,1.0
958,0.0,0.0,1.0
959,3006.25,150.3125,33.0
960,65426.5625,3514.84375,816.0
961,0.0,0.0,1.0
962,312972.65625,16044.0625,4605.0
963,0.0,0.0,1.0
964,0.0,0.0,1.0
965,165710.9375,8895.15625,2495.0
966,833064.0625,35401.40625,9523.0
967,0.0,0.0,1.0
968,0.0,0.0,1.0
969,104291.40625,4141.71875,1169.0
970,184950.78125,8946.40625,2533.0
971,3759.375,182.65625,72.0
972,264507.03125,13249.375,3662.0
973,0.0,0.0,1.0
974,0.0,0.0,1.0
975,923850.0,12053.90625,9677.0
976,0.0,0.0,1.0
977,0.0,0.0,1.0
978,0.0,0.0,1.0
979,0.0,0.0,1.0
980,0.0,0.0,1.0
981,0.0,0.0,1.0
982,255894.53125,15142.1875,3667.0
983,294803.125,15014.53125,4555.0
984,243185.9375,14691.71875,3415.0
985,114610.9375,5030.15625,1804.0
986,0.0,0.0,1.0
987,0.0,0.0,1.0
988,0.0,0.0,1.0
989,400001.5625,20712.8125,6227.0
990,0.0,0.0,1.0
991,509360.9375,30695.9375,7302.0
992,0.0,0.0,1.0
993,0.0,0.0,1.0
994,0.0,0.0,1.0
995,0.0,0.0,1.0
996,0.0,0.0,1.0
997,127089.84375,4706.875,1855.0
998,132413.28125,4748.59375,1987.0
999,0.0,0.0,1.0
1000,0.0,0.0,1.0
1001,0.0,0.0,1.0
1002,0.0,0.0,1.0
1003,0.0,0.0,1.0
1004,114457.8125,4110.46875,1899.0
1005,0.0,0.0,1.0
1006,0.0,0.0,1.0
1007,129682.03125,6035.625,1573.0
1008,420412.5,22879.84375,6130.0
1009,188219.53125,10513.75,2532.0
1010,0.0,0.0,1.0
1011,0.0,0.0,1.0
1012,0.0,0.0,1.0
1013,148794.53125,9259.53125,2002.0
1014,0.0,0.0,1.0
1015,0.0,0.0,1.0
1016,0.0,0.0,1.0
1017,0.0,0.0,1.0
1018,0.0,0.0,1.0
1019,0.0,0.0,1.0
1020,0.0,0.0,1.0
1021,1681.25,43.28125,17.0
1022,0.0,0.0,1.0
1023,0.0,0.0,1.0
1024,349770.3125,16466.875,5546.0
1025,2968.75,148.4375,33.0
1026,199601.5625,9379.375,2394.0
1027,678179.6875,90685.3125,8565.0
1028,0.0,0.0,1.0
1029,0.0,0.0,1.0
1030,0.0,0.0,1.0
1031,0.0,0.0,1.0
1032,155507.8125,8881.25,2272.0
1033,0.0,0.0,1.0
1034,209263.28125,13317.96875,2850.0
1035,180178.90625,9332.8125,2746.0
1036,0.0,0.0,1.0
1037,232045.3125,9205.78125,3671.0
1038,221646.09375,8862.34375,2883.0
1039,0.0,0.0,1.0
1040,0.0,0.0,1.0
1041,0.0,0.0,1.0
1042,219728.90625,8978.125,3919.0
1043,0.0,0.0,1.0
1044,228214.0625,13269.53125,3543.0
1045,0.0,0.0,1.0
1046,0.0,0.0,1.0
1047,0.0,0.0,1.0
1048,0.0,0.0,1.0
1049,0.0,0.0,1.0
1050,722290.625,54914.0625,9093.0
1051,0.0,0.0,1.0
1052,196104.6875,9204.6875,2629.0
1053,0.0,0.0,1.0
1054,0.0,0.0,1.0
1055,0.0,0.0,1.0
1056,340718.75,18218.75,4996.0
1057,0.0,0.0,1.0
1058,0.0,0.0,1.0
1059,0.0,0.0,1.0
1060,0.0,0.0,1.0
1061,0.0,0.0,1.0
1062,0.0,0.0,1.0
1063,0.0,0.0,1.0
1064,0.0,0.0,1.0
1065,261639.0625,14657.03125,3837.0
1066,164775.78125,7372.8125,2405.0
1067,0.0,0.0,1.0
1068,161013.28125,7758.28125,2022.0
1069,140532.03125,6001.5625,2112.0
1070,438520.3125,28696.40625,6539.0
1071,23869.53125,2550.625,346.0
1072,501532.8125,29752.5,6848.0
1073,14274.21875,2486.09375,335.0
1074,19965.625,2283.59375,303.0
1075,0.0,0.0,1.0
1076,272778.125,15129.53125,4628.0
1077,800.0,40.0,8.0
1078,0.0,0.0,1.0
1079,0.0,0.0,1.0
1080,119254.6875,3932.03125,1636.0
1081,193753.90625,10128.4375,2683.0
1082,0.0,0.0,1.0
1083,0.0,0.0,1.0
1084,529142.1875,33922.65625,7030.0
1085,262542.1875,12714.0625,4251.0
1086,64.453125,25.78125,78.0
1087,0.0,0.0,1.0
1088,122377.34375,5647.8125,1642.0
1089,0.0,0.0,1.0
1090,5362.5,168.125,84.0
1091,122815.625,3854.0625,1824.0
1092,0.0,0.0,1.0
1093,0.0,0.0,1.0
1094,0.0,0.0,1.0
1095,0.0,0.0,1.0
1096,120375.78125,4872.8125,1924.0
1097,0.0,0.0,1.0
1098,0.0,0.0,1.0
1099,0.0,0.0,1.0
1100,0.0,0.0,1.0
1101,0.0,0.0,1.0
1102,0.0,0.0,1.0
1103,0.0,0.0,1.0
1104,0.0,0.0,1.0
1105,0.0,0.0,1.0
1106,101410.15625,3578.59375,1439.0
1107,0.0,0.0,1.0
1108,0.0,0.0,1.0
1109,0.0,0.0,1.0
1110,103714.84375,3895.9375,1352.0
1111,0.0,0.0,1.0
1112,146728.125,7333.90625,2282.0
1113,0.0,0.0,1.0
1114,0.0,0.0,1.0
1115,0.0,0.0,1.0
1116,0.0,0.0,1.0
1117,0.0,0.0,1.0
1118,0.0,0.0,1.0
1119,0.0,0.0,1.0
1120,0.0,0.0,1.0
1121,0.0,0.0,1.0
1122,0.0,0.0,1.0
1123,269159.375,13180.0,3747.0
1124,0.0,0.0,1.0
1125,184058.59375,21086.25,2458.0
1126,0.0,0.0,1.0
1127,0.0,0.0,1.0
1128,0.0,0.0,1.0
1129,0.0,0.0,1.0
1130,0.0,0.0,1.0
1131,0.0,0.0,1.0
1132,0.0,0.0,1.0
1133,0.0,0.0,1.0
1134,0.0,0.0,1.0
1135,60485.15625,2496.25,974.0
1136,0.0,0.0,1.0
1137,0.0,0.0,1.0
1138,0.0,0.0,1.0
1139,0.0,0.0,1.0
1140,504879.6875,32730.78125,6955.0
1141,248186.71875,16721.25,3145.0
1142,0.0,0.0,1.0
1143,0.0,0.0,1.0
1144,144361.71875,5995.0,2285.0
1145,0.0,0.0,1.0
1146,178121.09375,9038.75,2460.0
1147,23010.15625,1341.5625,302.0
1148,951.5625,82.5,123.0
1149,0.0,0.0,1.0
1150,0.0,0.0,1.0
1151,0.0,0.0,1.0
1152,0.0,0.0,1.0
1153,0.0,0.0,1.0
1154,0.0,0.0,1.0
1155,0.0,0.0,1.0
1156,0.0,0.0,1.0
1157,5425.0,171.25,79.0
1158,1668.75,42.96875,17.0
1159,0.0,0.0,1.0
1160,0.0,0.0,1.0
1161,0.0,0.0,1.0
1162,0.0,0.0,1.0
1163,0.0,0.0,1.0
1164,10037.5,508.90625,114.0
1165,0.0,0.0,1.0
1166,0.0,0.0,1.0
1167,0.0,0.0,1.0
1168,0.0,0.0,1.0
1169,195267.96875,10838.90625,2706.0
1170,533689.0625,30370.3125,7004.0
1171,5.078125,2.03125,1.0
1172,81741.40625,3863.125,1007.0
1173,0.0,0.0,1.0
1174,0.0,0.0,1.0
1175,0.0,0.0,1.0
1176,0.0,0.0,1.0
1177,0.0,0.0,1.0
1178,0.0,0.0,1.0
1179,0.0,0.0,1.0
1180,270989.84375,15741.875,4040.0
1181,533168.75,32116.09375,7313.0
1182,429669.53125,21437.1875,6630.0
1183,264747.65625,15376.875,3649.0
1184,3428.515625,977.1875,452.0
1185,0.0,0.0,1.0
1186,177016.40625,21239.375,2442.0
1187,0.0,0.0,1.0
1188,0.0,0.0,1.0
1189,459865.625,26346.40625,6430.0
1190,0.0,0.0,1.0
1191,0.0,0.0,1.0
1192,0.0,0.0,1.0
1193,0.0,0.0,1.0
1194,0.0,0.0,1.0
1195,0.0,0.0,1.0
1196,0.0,0.0,1.0
1197,2600.0,130.0,26.0
1198,0.0,0.0,1.0
1199,0.0,0.0,1.0
1200,0.0,0.0,1.0
1201,0.0,0.0,1.0
1202,0.0,0.0,1.0
1203,0.0,0.0,1.0
1204,212716.40625,11611.5625,2623.0
1205,0.0,0.0,1.0
1206,0.0,0.0,1.0
1207,0.0,0.0,1.0
1208,0.0,0.0,1.0
1209,0.0,0.0,1.0
1210,270223.4375,15636.40625,4117.0
1211,0.0,0.0,1.0
1212,0.0,0.0,1.0
1213,0.0,0.0,1.0
1214,0.0,0.0,1.0
1215,0.0,0.0,1.0
1216,0.0,0.0,1.0
1217,0.0,0.0,1.0
1218,0.0,0.0,1.0
1219,0.0,0.0,1.0
1220,0.0,0.0,1.0
1221,0.0,0.0,1.0
1222,110138.28125,3433.4375,1625.0
1223,0.0,0.0,1.0
1224,370542.1875,20680.46875,5717.0
1225,0.0,0.0,1.0
1226,315017.96875,14017.1875,4811.0
1227,0.0,0.0,1.0
1228,0.0,0.0,1.0
1229,0.0,0.0,1.0
1230,0.0,0.0,1.0
1231,0.0,0.0,1.0
1232,0.0,0.0,1.0
1233,0.0,0.0,1.0
1234,379032.8125,20703.75,6144.0
1235,287542.96875,13142.03125,4365.0
1236,0.0,0.0,1.0
1237,0.0,0.0,1.0
1238,236375.0,11234.53125,3113.0
1239,0.0,0.0,1.0
1240,0.0,0.0,1.0
1241,0.0,0.0,1.0
1242,0.0,0.0,1.0
1243,0.0,0.0,1.0
1244,233964.0625,12752.8125,3143.0
1245,0.0,0.0,1.0
1246,0.0,0.0,1.0
1247,0.0,0.0,1.0
1248,0.0,0.0,1.0
1249,0.0,0.0,1.0
1250,0.0,0.0,1.0
1251,0.0,0.0,1.0
1252,0.0,0.0,1.0
1253,0.0,0.0,1.0
1254,0.0,0.0,1.0
1255,0.0,0.0,1.0
1256,0.0,0.0,1.0
1257,0.0,0.0,1.0
1258,0.0,0.0,1.0
1259,0.0,0.0,1.0
1260,0.0,0.0,1.0
1261,0.0,0.0,1.0
1262,0.0,0.0,1.0
1263,0.0,0.0,1.0
1264,0.0,0.0,1.0
1265,0.0,0.0,1.0
1266,0.0,0.0,1.0
1267,234606.25,11591.71875,3797.0
1268,0.0,0.0,1.0
1269,0.0,0.0,1.0
1270,20612.5,987.1875,321.0
1271,0.0,0.0,1.0
1272,0.0,0.0,1.0
1273,0.0,0.0,1.0
1274,0.0,0.0,1.0
1275,0.0,0.0,1.0
1276,0.0,0.0,1.0
1277,339922.65625,19040.9375,5267.0
1278,0.0,0.0,1.0
1279,0.0,0.0,1.0
1280,204742.1875,11579.6875,2974.0
1281,0.0,0.0,1.0
1282,0.0,0.0,1.0
1283,0.0,0.0,1.0
1284,0.0,0.0,1.0
1285,118101.5625,3931.40625,2108.0
1286,126873.4375,5917.65625,2000.0
1287,0.0,0.0,1.0
1288,0.0,0.0,1.0
1289,0.0,0.0,1.0
1290,0.0,0.0,1.0
1291,0.0,0.0,1.0
1292,0.0,0.0,1.0
1293,0.0,0.0,1.0
1294,0.0,0.0,1.0
1295,0.0,0.0,1.0
1296,0.0,0.0,1.0
1297,0.0,0.0,1.0
1298,0.0,0.0,1.0
1299,0.0,0.0,1.0
1300,0.0,0.0,1.0
1301,0.0,0.0,1.0
1302,0.0,0.0,1.0
1303,383275.78125,19923.59375,5235.0
1304,129355.46875,5367.65625,1809.0
1305,0.0,0.0,1.0
1306,0.0,0.0,1.0
1307,0.0,0.0,1.0
1308,82350.78125,4427.03125,985.0
1309,0.0,0.0,1.0
1310,0.0,0.0,1.0
1311,184734.375,9626.71875,2523.0
1312,0.0,0.0,1.0
1313,0.0,0.0,1.0
1314,0.0,0.0,1.0
1315,0.0,0.0,1.0
1316,265737.5,14224.21875,4469.0
1317,264575.78125,13049.84375,4515.0
1318,328.515625,131.40625,79.0
1319,0.0,0.0,1.0
1320,0.0,0.0,1.0
1321,0.0,0.0,1.0
1322,0.0,0.0,1.0
1323,0.0,0.0,1.0
1324,121759.375,6541.40625,1417.0
1325,118961.71875,4924.53125,1582.0
1326,0.0,0.0,1.0
1327,0.0,0.0,1.0
1328,417600.78125,24894.375,5890.0
1329,125.0,25.0,57.0
1330,206075.78125,8780.3125,2674.0
1331,3193.75,159.6875,34.0
1332,0.0,0.0,1.0
1333,800.0,40.0,8.0
1334,134039.84375,4951.40625,1938.0
1335,0.0,0.0,1.0
1336,0.0,0.0,1.0
1337,0.0,0.0,1.0
1338,0.0,0.0,1.0
1339,0.0,0.0,1.0
1340,158348.4375,9583.59375,2193.0
1341,0.0,0.0,1.0
1342,0.0,0.0,1.0
1343,0.0,0.0,1.0
1344,0.0,0.0,1.0
1345,0.0,0.0,1.0
1346,0.0,0.0,1.0
1347,0.0,0.0,1.0
1348,0.0,0.0,1.0
1349,0.0,0.0,1.0
1350,800.0,40.0,8.0
1351,117298.4375,4950.0,1597.0
1352,0.0,0.0,1.0
1353,0.0,0.0,1.0
1354,0.0,0.0,1.0
1355,0.0,0.0,1.0
1356,264867.1875,11880.46875,4127.0
1357,153995.3125,8882.34375,2280.0
1358,0.0,0.0,1.0
1359,0.0,0.0,1.0
1360,0.0,0.0,1.0
1361,0.0,0.0,1.0
1362,6096.875,438.125,114.0
1363,0.0,0.0,1.0
1364,0.0,0.0,1.0
1365,0.0,0.0,1.0
1366,292199.21875,17882.96875,4254.0
1367,0.0,0.0,1.0
1368,319572.65625,14639.6875,5317.0
1369,0.0,0.0,1.0
1370,0.0,0.0,1.0
1371,5343.75,167.1875,80.0
1372,0.0,0.0,1.0
1373,0.0,0.0,1.0
1374,0.0,0.0,1.0
1375,0.0,0.0,1.0
1376,0.0,0.0,1.0
1377,0.0,0.0,1.0
1378,0.0,0.0,1.0
1379,141021.875,4745.9375,2062.0
1380,0.0,0.0,1.0
1381,0.0,0.0,1.0
1382,363996.875,15972.65625,5538.0
1383,0.0,0.0,1.0
1384,0.0,0.0,1.0
1385,0.0,0.0,1.0
1386,0.0,0.0,1.0
1387,147150.78125,6007.34375,2193.0
1388,0.0,0.0,1.0
1389,0.0,0.0,1.0
1390,0.0,0.0,1.0
1391,0.0,0.0,1.0
1392,194497.65625,8626.25,2592.0
1393,0.0,0.0,1.0
1394,0.0,0.0,1.0
1395,0.0,0.0,1.0
1396,435296.875,22976.09375,6117.0
1397,0.0,0.0,1.0
1398,0.0,0.0,1.0
1399,0.0,0.0,1.0
1400,264673.4375,12272.03125,4112.0
1401,631628.90625,42016.71875,8141.0
1402,239112.5,10968.75,3767.0
1403,0.0,0.0,1.0
1404,0.0,0.0,1.0
1405,0.0,0.0,1.0
1406,0.0,0.0,1.0
1407,0.0,0.0,1.0
1408,0.0,0.0,1.0
1409,319789.84375,16969.0625,4890.0
1410,0.0,0.0,1.0
1411,0.0,0.0,1.0
1412,106417.1875,3639.21875,1607.0
1413,0.0,0.0,1.0
1414,0.0,0.0,1.0
1415,0.0,0.0,1.0
1416,261353.90625,17872.5,3275.0
1417,0.0,0.0,1.0
1418,0.0,0.0,1.0
1419,0.0,0.0,1.0
1420,0.0,0.0,1.0
1421,0.0,0.0,1.0
1422,633745.3125,43392.96875,8160.0
1423,5.859375,2.34375,1.0
1424,290025.78125,14392.1875,4372.0
1425,0.0,0.0,1.0
1426,0.0,0.0,1.0
1427,0.0,0.0,1.0
1428,0.0,0.0,1.0
1429,0.0,0.0,1.0
1430,446558.59375,29680.625,6182.0
1431,0.0,0.0,1.0
1432,183776.5625,9351.5625,2515.0
1433,0.0,0.0,1.0
1434,0.0,0.0,1.0
1435,0.0,0.0,1.0
1436,170604.6875,8576.40625,2352.0
1437,0.0,0.0,1.0
1438,0.0,0.0,1.0
1439,0.0,0.0,1.0
1440,0.0,0.0,1.0
1441,3232.03125,147.34375,41.0
1442,0.0,0.0,1.0
1443,0.0,0.0,1.0
1444,265844.53125,12726.71875,3512.0
1445,184072.65625,8738.4375,2431.0
1446,0.0,0.0,1.0
1447,0.0,0.0,1.0
1448,800.0,40.0,8.0
1449,115845.3125,4701.5625,1873.0
1450,0.0,0.0,1.0
1451,0.0,0.0,1.0
1452,0.0,0.0,1.0
1453,273875.78125,12115.78125,3568.0
1454,112764.84375,3563.59375,1921.0
1455,183884.375,10004.21875,2802.0
1456,0.0,0.0,1.0
1457,0.0,0.0,1.0
1458,678571.09375,50962.96875,8791.0
1459,23129.296875,2349.6875,477.0
1460,548811.71875,33491.40625,7020.0
1461,681943.75,50957.34375,8432.0
1462,79555.46875,3450.0,1208.0
1463,679456.25,56045.15625,8937.0
1464,240671.09375,11530.78125,3670.0
1465,145066.40625,6537.34375,2033.0
1466,27350.78125,2505.78125,332.0
1467,425671.875,27648.28125,6157.0
1468,23553.125,3807.03125,332.0
1469,121845.3125,4300.625,1998.0
1470,25721.09375,2263.59375,323.0
1471,129653.90625,6579.6875,1581.0
1472,238771.09375,11488.28125,3942.0
1473,0.0,0.0,1.0
1474,127550.78125,5675.9375,1513.0
1475,1412.5,525.9375,139.0
1476,127414.84375,5855.15625,1581.0
1477,0.0,0.0,1.0
1478,0.0,0.0,1.0
1479,5287.5,164.375,81.0
1480,0.0,0.0,1.0
1481,212780.46875,10708.125,3160.0
1482,145237.5,6449.21875,2209.0
1483,330678.90625,19196.40625,4671.0
1484,0.0,0.0,1.0
1485,136554.6875,5509.84375,1969.0
1486,0.0,0.0,1.0
1487,0.0,0.0,1.0
1488,0.0,0.0,1.0
1489,0.0,0.0,1.0
1490,0.0,0.0,1.0
1491,0.0,0.0,1.0
1492,118321.875,4501.25,1803.0
1493,0.0,0.0,1.0
1494,1700.0,42.5,17.0
1495,692203.90625,47370.625,8710.0
1496,0.0,0.0,1.0
1497,0.0,0.0,1.0
1498,0.0,0.0,1.0
1499,0.0,0.0,1.0
1500,0.0,0.0,1.0
1501,0.0,0.0,1.0
1502,0.0,0.0,1.0
1503,0.0,0.0,1.0
1504,0.0,0.0,1.0
1505,0.0,0.0,1.0
1506,0.0,0.0,1.0
1507,0.0,0.0,1.0
1508,0.0,0.0,1.0
1509,0.0,0.0,1.0
1510,0.0,0.0,1.0
1511,0.0,0.0,1.0
1512,0.0,0.0,1.0
1513,132896.09375,5562.65625,1665.0
1514,0.0,0.0,1.0
1515,0.0,0.0,1.0
1516,0.0,0.0,1.0
1517,0.0,0.0,1.0
1518,0.0,0.0,1.0
1519,228460.9375,13695.78125,3272.0
1520,0.0,0.0,1.0
1521,0.0,0.0,1.0
1522,0.0,0.0,1.0
1523,0.0,0.0,1.0
1524,0.0,0.0,1.0
1525,0.0,0.0,1.0
1526,0.0,0.0,1.0
1527,0.0,0.0,1.0
1528,0.0,0.0,1.0
1529,0.0,0.0,1.0
1530,0.0,0.0,1.0
1531,0.0,0.0,1.0
1532,0.0,0.0,1.0
1533,0.0,0.0,1.0
1534,0.0,0.0,1.0
1535,0.0,0.0,1.0
1536,0.0,0.0,1.0
1537,240833.59375,11632.1875,3674.0
1538,422406.25,26946.875,5898.0
1539,0.0,0.0,1.0
1540,0.0,0.0,1.0
1541,131707.03125,6371.40625,1907.0
1542,219213.28125,10369.84375,3278.0
1543,842625.0,36169.6875,9590.0
1544,0.0,0.0,1.0
1545,0.0,0.0,1.0
1546,0.0,0.0,1.0
1547,160142.96875,7925.78125,2066.0
1548,260526.5625,13629.21875,4042.0
1549,0.0,0.0,1.0
1550,0.0,0.0,1.0
1551,0.0,0.0,1.0
1552,2937.5,122.5,33.0
1553,129164.84375,4509.53125,1818.0
1554,0.0,0.0,1.0
1555,0.0,0.0,1.0
1556,0.0,0.0,1.0
1557,257814.0625,14600.46875,3769.0
1558,0.0,0.0,1.0
1559,0.0,0.0,1.0
1560,252828.125,13559.0625,4242.0
1561,9764.0625,433.125,114.0
1562,666821.875,48157.8125,8518.0
1563,156799.21875,6983.90625,2131.0
1564,13346.09375,773.90625,295.0
1565,171968.75,8631.40625,2547.0
1566,759.375,151.875,49.0
1567,0.0,0.0,1.0
1568,196331.25,9454.6875,2721.0
1569,0.0,0.0,1.0
1570,0.0,0.0,1.0
1571,0.0,0.0,1.0
1572,0.0,0.0,1.0
1573,0.0,0.0,1.0
1574,0.0,0.0,1.0
1575,110987.5,3486.5625,1736.0
1576,0.0,0.0,1.0
1577,0.0,0.0,1.0
1578,0.0,0.0,1.0
1579,0.0,0.0,1.0
1580,0.0,0.0,1.0
1581,118745.3125,4497.34375,1487.0
1582,0.0,0.0,1.0
1583,0.0,0.0,1.0
1584,0.0,0.0,1.0
1585,0.0,0.0,1.0
1586,0.0,0.0,1.0
1587,397767.96875,20051.875,5715.0
1588,0.0,0.0,1.0
1589,0.0,0.0,1.0
1590,0.0,0.0,1.0
1591,0.0,0.0,1.0
1592,0.0,0.0,1.0
1593,140638.28125,6095.46875,2011.0
1594,150180.46875,7282.34375,2156.0
1595,0.0,0.0,1.0
1596,287040.625,12956.09375,4331.0
1597,56521.875,2529.53125,767.0
1598,0.0,0.0,1.0
1599,277778.125,13335.46875,4170.0
1600,59953.90625,3280.625,886.0
1601,0.0,0.0,1.0
1602,0.0,0.0,1.0
1603,0.0,0.0,1.0
1604,0.0,0.0,1.0
1605,0.0,0.0,1.0
1606,0.0,0.0,1.0
1607,0.0,0.0,1.0
1608,0.0,0.0,1.0
1609,0.0,0.0,1.0
1610,0.0,0.0,1.0
1611,0.0,0.0,1.0
1612,0.0,0.0,1.0
1613,0.0,0.0,1.0
1614,0.0,0.0,1.0
1615,800.0,40.0,8.0
1616,0.0,0.0,1.0
1617,0.0,0.0,1.0
1618,0.0,0.0,1.0
1619,0.0,0.0,1.0
1620,116596.875,5078.4375,1710.0
1621,128485.9375,6417.5,1996.0
1622,110218.75,4828.28125,1786.0
1623,0.0,0.0,1.0
1624,0.0,0.0,1.0
1625,0.0,0.0,1.0
1626,0.0,0.0,1.0
1627,0.0,0.0,1.0
1628,0.0,0.0,1.0
1629,0.0,0.0,1.0
1630,0.0,0.0,1.0
1631,0.0,0.0,1.0
1632,0.0,0.0,1.0
1633,0.0,0.0,1.0
1634,0.0,0.0,1.0
1635,0.0,0.0,1.0
1636,0.0,0.0,1.0
1637,0.0,0.0,1.0
1638,0.0,0.0,1.0
1639,208000.78125,10108.59375,2682.0
1640,0.0,0.0,1.0
1641,0.0,0.0,1.0
1642,0.0,0.0,1.0
1643,110849.21875,4135.625,1554.0
1644,0.0,0.0,1.0
1645,0.0,0.0,1.0
1646,0.0,0.0,1.0
1647,0.0,0.0,1.0
1648,0.0,0.0,1.0
1649,0.0,0.0,1.0
1650,0.0,0.0,1.0
1651,2600.0,130.0,26.0
1652,1656.25,42.65625,17.0
1653,124922.65625,5080.0,1775.0
1654,286473.4375,15438.90625,3988.0
1655,396167.1875,23851.5625,5283.0
1656,306121.875,14816.5625,4880.0
1657,355895.3125,19398.75,5998.0
1658,0.0,0.0,1.0
1659,0.0,0.0,1.0
1660,500.0,12.5,5.0
1661,0.0,0.0,1.0
1662,0.0,0.0,1.0
1663,0.0,0.0,1.0
1664,0.0,0.0,1.0
1665,0.0,0.0,1.0
1666,0.0,0.0,1.0
1667,0.0,0.0,1.0
1668,0.0,0.0,1.0
1669,0.0,0.0,1.0
1670,0.0,0.0,1.0
1671,0.0,0.0,1.0
1672,0.0,0.0,1.0
1673,0.0,0.0,1.0
1674,0.0,0.0,1.0
1675,0.0,0.0,1.0
1676,800.0,40.0,8.0
1677,438300.0,23040.46875,6136.0
1678,339212.5,16529.375,5165.0
1679,249915.625,12702.65625,3285.0
1680,0.0,0.0,1.0
1681,0.0,0.0,1.0
1682,8431.25,334.0625,114.0
1683,217446.09375,10340.9375,3642.0
1684,0.0,0.0,1.0
1685,405073.4375,22462.03125,5877.0
1686,0.0,0.0,1.0
1687,371221.09375,21431.5625,5391.0
1688,0.0,0.0,1.0
1689,0.0,0.0,1.0
1690,0.0,0.0,1.0
1691,0.0,0.0,1.0
1692,0.0,0.0,1.0
1693,0.0,0.0,1.0
1694,130150.0,6683.125,1778.0
1695,0.0,0.0,1.0
1696,0.0,0.0,1.0
1697,0.0,0.0,1.0
1698,0.0,0.0,1.0
1699,0.0,0.0,1.0
1700,0.0,0.0,1.0
1701,0.0,0.0,1.0
1702,0.0,0.0,1.0
1703,0.0,0.0,1.0
1704,0.0,0.0,1.0
1705,0.0,0.0,1.0
1706,577423.4375,31081.25,7956.0
1707,0.0,0.0,1.0
1708,0.0,0.0,1.0
1709,0.0,0.0,1.0
1710,3837.5,126.875,50.0
1711,301049.21875,14730.46875,4574.0
1712,155782.8125,7023.4375,2083.0
1713,0.0,0.0,1.0
1714,280239.84375,16043.75,4394.0
1715,180223.4375,9600.625,2579.0
1716,0.0,0.0,1.0
1717,0.0,0.0,1.0
1718,0.0,0.0,1.0
1719,0.0,0.0,1.0
1720,0.0,0.0,1.0
1721,110644.53125,4513.90625,1551.0
1722,0.0,0.0,1.0
1723,0.0,0.0,1.0
1724,0.0,0.0,1.0
1725,0.0,0.0,1.0
1726,445818.75,24133.75,6184.0
1727,5.078125,2.03125,1.0
1728,0.0,0.0,1.0
1729,0.0,0.0,1.0
1730,0.0,0.0,1.0
1731,0.0,0.0,1.0
1732,265491.40625,15289.53125,3787.0
1733,0.0,0.0,1.0
1734,0.0,0.0,1.0
1735,575589.84375,35862.8125,7510.0
1736,172976.5625,10516.40625,2156.0
1737,30385.15625,1590.46875,403.0
1738,1125.390625,537.96875,285.0
1739,296204.6875,21549.6875,4539.0
1740,417761.71875,26008.125,6541.0
1741,7549.21875,1714.21875,300.0
1742,8026.953125,1289.0625,324.0
1743,0.0,0.0,1.0
1744,0.0,0.0,1.0
1745,248867.1875,13493.28125,3700.0
1746,0.0,0.0,1.0
1747,59667.1875,2790.15625,833.0
1748,0.0,0.0,1.0
1749,313883.59375,17765.3125,5058.0
1750,146955.46875,5536.71875,1768.0
1751,0.0,0.0,1.0
1752,0.0,0.0,1.0
1753,0.0,0.0,1.0
1754,0.0,0.0,1.0
1755,0.0,0.0,1.0
1756,0.0,0.0,1.0
1757,0.0,0.0,1.0
1758,0.0,0.0,1.0
1759,155611.71875,6016.5625,2096.0
1760,0.0,0.0,1.0
1761,588544.53125,36721.40625,7720.0
1762,44551.5625,4721.875,488.0
1763,45328.515625,4489.53125,491.0
1764,43331.25,7910.3125,487.0
1765,138228.90625,6742.96875,1661.0
1766,47346.875,2458.28125,511.0
1767,44294.140625,5602.65625,483.0
1768,678205.46875,49330.46875,8720.0
1769,386155.46875,25872.5,6000.0
1770,68484.765625,7366.71875,717.0
1771,68247.65625,8267.1875,712.0
1772,66525.0,8288.28125,706.0
1773,65837.890625,5422.03125,701.0
1774,58536.71875,3481.40625,681.0
1775,38908.59375,3104.0625,678.0
1776,22431.25,1963.90625,227.0
1777,176646.875,8085.15625,2375.0
1778,22361.71875,1456.875,225.0
1779,21796.875,731.09375,224.0
1780,22226.5625,1319.84375,223.0
1781,21625.0,987.03125,222.0
1782,21973.4375,1407.03125,221.0
1783,21587.109375,2710.0,219.0
1784,20854.6875,2426.5625,217.0
1785,20313.671875,2925.0,216.0
1786,20415.234375,2369.375,214.0
1787,73189.0625,4825.3125,981.0
1788,20532.8125,2280.9375,213.0
1789,20533.59375,2037.65625,212.0
1790,390332.8125,19008.59375,5881.0
1791,20143.359375,2282.8125,208.0
1792,18967.96875,2156.71875,201.0
1793,20246.875,1629.21875,207.0
1794,19125.390625,2308.90625,200.0
1795,254814.84375,11949.375,3377.0
1796,15820.703125,1710.46875,197.0
1797,217220.3125,12433.28125,3513.0
1798,12652.34375,1195.46875,144.0
1799,9787.5,948.28125,108.0
1800,946.875,82.8125,96.0
1801,0.0,0.0,1.0
1802,0.0,0.0,1.0
1803,0.0,0.0,1.0
1804,266124.21875,11149.21875,4011.0
1805,0.0,0.0,1.0
1806,63875.0,3125.78125,869.0
1807,0.0,0.0,1.0
1808,689969.53125,48954.0625,8563.0
1809,0.0,0.0,1.0
1810,0.0,0.0,1.0
1811,0.0,0.0,1.0
1812,0.0,0.0,1.0
1813,0.0,0.0,1.0
1814,0.0,0.0,1.0
1815,0.0,0.0,1.0
1816,175800.0,8297.8125,2459.0
1817,0.0,0.0,1.0
1818,121946.09375,4230.46875,1914.0
1819,0.0,0.0,1.0
1820,0.0,0.0,1.0
1821,0.0,0.0,1.0
1822,0.0,0.0,1.0
1823,0.0,0.0,1.0
1824,0.0,0.0,1.0
1825,272884.375,13554.375,3973.0
1826,2600.0,130.0,26.0
1827,0.0,0.0,1.0
1828,0.0,0.0,1.0
1829,0.0,0.0,1.0
1830,0.0,0.0,1.0
1831,0.0,0.0,1.0
1832,131009.375,6294.0625,1468.0
1833,0.0,0.0,1.0
1834,0.0,0.0,1.0
1835,3012.5,101.875,33.0
1836,0.0,0.0,1.0
1837,321458.59375,18293.59375,5022.0
1838,122155.46875,5579.0625,1891.0
1839,614704.6875,41821.09375,8207.0
1840,0.0,0.0,1.0
1841,0.0,0.0,1.0
1842,0.0,0.0,1.0
1843,0.0,0.0,1.0
1844,278583.59375,17451.40625,4131.0
1845,109724.21875,5705.15625,1549.0
1846,0.0,0.0,1.0
1847,244515.625,13363.4375,3305.0
1848,350725.78125,19297.5,5463.0
1849,0.0,0.0,1.0
1850,0.0,0.0,1.0
1851,285553.90625,15752.34375,4112.0
1852,0.0,0.0,1.0
1853,341948.4375,19877.5,5344.0
1854,800.0,40.0,8.0
1855,322557.8125,19453.75,4413.0
1856,0.0,0.0,1.0
1857,0.0,0.0,1.0
1858,0.0,0.0,1.0
1859,0.0,0.0,1.0
1860,0.0,0.0,1.0
1861,0.0,0.0,1.0
1862,0.0,0.0,1.0
1863,0.0,0.0,1.0
1864,157641.40625,7556.25,2421.0
1865,3187.5,159.375,33.0
1866,0.0,0.0,1.0
1867,190403.125,9824.375,2633.0
1868,0.0,0.0,1.0
1869,0.0,0.0,1.0
1870,0.0,0.0,1.0
1871,2600.0,130.0,26.0
1872,0.0,0.0,1.0
1873,0.0,0.0,1.0
1874,0.0,0.0,1.0
1875,0.0,0.0,1.0
1876,0.0,0.0,1.0
1877,110520.3125,4532.34375,1430.0
1878,0.0,0.0,1.0
1879,196213.28125,8143.90625,2830.0
1880,0.0,0.0,1.0
1881,0.0,0.0,1.0
1882,0.0,0.0,1.0
1883,0.0,0.0,1.0
1884,0.0,0.0,1.0
1885,0.0,0.0,1.0
1886,195914.0625,10931.875,2785.0
1887,0.0,0.0,1.0
1888,0.0,0.0,1.0
1889,0.0,0.0,1.0
1890,0.0,0.0,1.0
1891,0.0,0.0,1.0
1892,0.0,0.0,1.0
1893,0.0,0.0,1.0
1894,0.0,0.0,1.0
1895,0.0,0.0,1.0
1896,0.0,0.0,1.0
1897,0.0,0.0,1.0
1898,117932.8125,4107.8125,1582.0
1899,0.0,0.0,1.0
1900,550582.8125,35876.40625,7733.0
1901,353196.875,18869.84375,5859.0
1902,0.0,0.0,1.0
1903,0.0,0.0,1.0
1904,0.0,0.0,1.0
1905,0.0,0.0,1.0
1906,0.0,0.0,1.0
1907,0.0,0.0,1.0
1908,0.0,0.0,1.0
1909,0.0,0.0,1.0
1910,455099.21875,27338.125,6774.0
1911,0.0,0.0,1.0
1912,0.0,0.0,1.0
1913,0.0,0.0,1.0
1914,0.0,0.0,1.0
1915,0.0,0.0,1.0
1916,0.0,0.0,1.0
1917,0.0,0.0,1.0
1918,0.0,0.0,1.0
1919,0.0,0.0,1.0
1920,0.0,0.0,1.0
1921,0.0,0.0,1.0
1922,675786.71875,46481.71875,8481.0
1923,0.0,0.0,1.0
1924,227766.40625,12713.125,3046.0
1925,0.0,0.0,1.0
1926,0.0,0.0,1.0
1927,0.0,0.0,1.0
1928,0.0,0.0,1.0
1929,0.0,0.0,1.0
1930,0.0,0.0,1.0
1931,0.0,0.0,1.0
1932,0.0,0.0,1.0
1933,0.0,0.0,1.0
1934,0.0,0.0,1.0
1935,0.0,0.0,1.0
1936,0.0,0.0,1.0
1937,323384.375,17529.375,4615.0
1938,0.0,0.0,1.0
1939,650810.9375,43652.03125,8443.0
1940,0.0,0.0,1.0
1941,0.0,0.0,1.0
1942,800.0,40.0,8.0
1943,3918.75,139.0625,67.0
1944,413779.6875,22092.1875,5644.0
1945,5331.25,166.5625,80.0
1946,249430.46875,14425.3125,3473.0
1947,241289.84375,14363.125,3675.0
1948,0.0,0.0,1.0
1949,159930.46875,7115.3125,2395.0
1950,486716.40625,31687.34375,6770.0
1951,7.8125,3.125,1.0
1952,0.0,0.0,1.0
1953,0.0,0.0,1.0
1954,0.0,0.0,1.0
1955,0.0,0.0,1.0
1956,0.0,0.0,1.0
1957,0.0,0.0,1.0
1958,130520.3125,5652.03125,1783.0
1959,0.0,0.0,1.0
1960,0.0,0.0,1.0
1961,171756.25,7124.375,2496.0
1962,114938.28125,5720.46875,1739.0
1963,0.0,0.0,1.0
1964,0.0,0.0,1.0
1965,0.0,0.0,1.0
1966,0.0,0.0,1.0
1967,163864.0625,9469.53125,2436.0
1968,2579.6875,544.84375,294.0
1969,2600.0,130.0,26.0
1970,61227.34375,3987.96875,798.0
1971,0.0,0.0,1.0
1972,0.0,0.0,1.0
1973,0.0,0.0,1.0
1974,0.0,0.0,1.0
1975,0.0,0.0,1.0
1976,0.0,0.0,1.0
1977,186835.15625,9399.0625,2488.0
1978,0.0,0.0,1.0
1979,0.0,0.0,1.0
1980,0.0,0.0,1.0
1981,702089.84375,52518.90625,8786.0
1982,10.546875,4.21875,1.0
1983,0.0,0.0,1.0
1984,0.0,0.0,1.0
1985,0.0,0.0,1.0
1986,255840.625,11013.28125,3439.0
1987,0.0,0.0,1.0
1988,0.0,0.0,1.0
1989,0.0,0.0,1.0
1990,0.0,0.0,1.0
1991,377133.59375,20921.875,5558.0
1992,0.0,0.0,1.0
1993,0.0,0.0,1.0
1994,0.0,0.0,1.0
1995,0.0,0.0,1.0
1996,0.0,0.0,1.0
1997,0.0,0.0,1.0
1998,0.0,0.0,1.0
1999,0.0,0.0,1.0
2000,0.0,0.0,1.0
2001,0.0,0.0,1.0
2002,0.0,0.0,1.0
2003,0.0,0.0,1.0
2004,0.0,0.0,1.0
2005,0.0,0.0,1.0
2006,0.0,0.0,1.0
2007,0.0,0.0,1.0
2008,0.0,0.0,1.0
2009,0.0,0.0,1.0
2010,0.0,0.0,1.0
2011,0.0,0.0,1.0
2012,0.0,0.0,1.0
2013,0.0,0.0,1.0
2014,702991.40625,54093.28125,8934.0
2015,172.265625,123.75,17.0
2016,0.0,0.0,1.0
2017,282388.28125,12431.40625,4749.0
2018,0.0,0.0,1.0
2019,0.0,0.0,1.0
2020,0.0,0.0,1.0
2021,0.0,0.0,1.0
2022,0.0,0.0,1.0
2023,0.0,0.0,1.0
2024,0.0,0.0,1.0
2025,0.0,0.0,1.0
2026,136814.0625,5302.5,1868.0
2027,2600.0,130.0,26.0
2028,0.0,0.0,1.0
2029,158890.625,7543.75,2140.0
2030,0.0,0.0,1.0
2031,284463.28125,14271.09375,4718.0
2032,115249.21875,4812.5,1620.0
2033,0.0,0.0,1.0
2034,0.0,0.0,1.0
2035,0.0,0.0,1.0
2036,0.0,0.0,1.0
2037,215407.8125,13401.09375,2881.0
2038,230000.0,11286.40625,3180.0
2039,0.0,0.0,1.0
2040,0.0,0.0,1.0
2041,0.0,0.0,1.0
2042,0.0,0.0,1.0
2043,0.0,0.0,1.0
2044,0.0,0.0,1.0
2045,0.0,0.0,1.0
2046,431739.0625,30742.1875,6530.0
2047,0.0,0.0,1.0
2048,0.0,0.0,1.0
2049,0.0,0.0,1.0
2050,0.0,0.0,1.0
2051,0.0,0.0,1.0
2052,0.0,0.0,1.0
2053,0.0,0.0,1.0
2054,0.0,0.0,1.0
2055,6081.25,229.0625,114.0
2056,0.0,0.0,1.0
2057,0.0,0.0,1.0
2058,0.0,0.0,1.0
2059,0.0,0.0,1.0
2060,0.0,0.0,1.0
2061,0.0,0.0,1.0
2062,0.0,0.0,1.0
2063,0.0,0.0,1.0
2064,0.0,0.0,1.0
2065,0.0,0.0,1.0
2066,0.0,0.0,1.0
2067,0.0,0.0,1.0
2068,0.0,0.0,1.0
2069,0.0,0.0,1.0
2070,0.0,0.0,1.0
2071,0.0,0.0,1.0
2072,0.0,0.0,1.0
2073,559986.71875,32956.5625,7901.0
2074,850257.8125,34438.90625,9644.0
2075,249.21875,69.6875,19.0
2076,0.0,0.0,1.0
2077,0.0,0.0,1.0
2078,0.0,0.0,1.0
2079,584748.4375,33655.46875,7788.0
2080,125.0,35.78125,18.0
2081,0.0,0.0,1.0
2082,0.0,0.0,1.0
2083,0.0,0.0,1.0
2084,0.0,0.0,1.0
2085,0.0,0.0,1.0
2086,0.0,0.0,1.0
2087,276967.1875,13065.46875,4427.0
2088,0.0,0.0,1.0
2089,0.0,0.0,1.0
2090,172488.28125,7118.28125,2152.0
2091,0.0,0.0,1.0
2092,0.0,0.0,1.0
2093,2600.0,130.0,26.0
2094,0.0,0.0,1.0
2095,0.0,0.0,1.0
2096,0.0,0.0,1.0
2097,255833.59375,11662.03125,3955.0
2098,4793.75,152.1875,64.0
2099,0.0,0.0,1.0
2100,0.0,0.0,1.0
2101,0.0,0.0,1.0
2102,298966.40625,18593.28125,4640.0
2103,462010.15625,24500.0,6670.0
2104,166909.375,8458.90625,2494.0
2105,3775.0,131.875,46.0
2106,0.0,0.0,1.0
2107,158117.96875,7914.84375,2483.0
2108,800.0,40.0,8.0
2109,262413.28125,13160.3125,3478.0
2110,0.0,0.0,1.0
2111,0.0,0.0,1.0
2112,0.0,0.0,1.0
2113,0.0,0.0,1.0
2114,0.0,0.0,1.0
2115,0.0,0.0,1.0
2116,0.0,0.0,1.0
2117,98844.53125,3898.28125,1230.0
2118,0.0,0.0,1.0
2119,107313.28125,4455.0,1457.0
2120,683954.6875,44164.6875,8495.0
2121,132517.96875,6127.8125,1968.0
2122,0.0,0.0,1.0
2123,0.0,0.0,1.0
2124,918325.0,10911.25,9641.0
2125,0.0,0.0,1.0
2126,0.0,0.0,1.0
2127,0.0,0.0,1.0
2128,0.0,0.0,1.0
2129,0.0,0.0,1.0
2130,0.0,0.0,1.0
2131,0.0,0.0,1.0
2132,409469.53125,25095.625,5890.0
2133,0.0,0.0,1.0
2134,130628.90625,6719.21875,1868.0
2135,0.0,0.0,1.0
2136,0.0,0.0,1.0
2137,3200.0,160.0,33.0
2138,0.0,0.0,1.0
2139,0.0,0.0,1.0
2140,845450.0,35839.375,9520.0
2141,0.0,0.0,1.0
2142,0.0,0.0,1.0
2143,0.0,0.0,1.0
2144,0.0,0.0,1.0
2145,0.0,0.0,1.0
2146,113098.4375,4063.59375,1709.0
2147,2600.0,130.0,26.0
2148,0.0,0.0,1.0
2149,698633.59375,46645.0,8875.0
2150,361.5234375,153.59375,136.0
2151,316610.15625,15996.875,4800.0
2152,0.0,0.0,1.0
2153,123031.25,4288.75,1770.0
2154,134236.71875,4976.09375,2097.0
2155,0.0,0.0,1.0
2156,0.0,0.0,1.0
2157,268190.625,16020.0,3879.0
2158,0.0,0.0,1.0
2159,0.0,0.0,1.0
2160,0.0,0.0,1.0
2161,178278.125,9181.25,2551.0
2162,0.0,0.0,1.0
2163,0.0,0.0,1.0
2164,0.0,0.0,1.0
2165,0.0,0.0,1.0
2166,0.0,0.0,1.0
2167,0.0,0.0,1.0
2168,343811.71875,17095.625,5283.0
2169,335306.25,16181.40625,5075.0
2170,0.0,0.0,1.0
2171,0.0,0.0,1.0
2172,0.0,0.0,1.0
2173,0.0,0.0,1.0
2174,0.0,0.0,1.0
2175,0.0,0.0,1.0
2176,0.0,0.0,1.0
2177,0.0,0.0,1.0
2178,0.0,0.0,1.0
2179,0.0,0.0,1.0
2180,0.0,0.0,1.0
2181,0.0,0.0,1.0
2182,0.0,0.0,1.0
2183,0.0,0.0,1.0
2184,319992.1875,18192.03125,4478.0
2185,321703.125,18565.46875,5004.0
2186,0.0,0.0,1.0
2187,0.0,0.0,1.0
2188,5575.0,196.875,114.0
2189,0.0,0.0,1.0
2190,0.0,0.0,1.0
2191,0.0,0.0,1.0
2192,0.0,0.0,1.0
2193,126282.03125,4653.59375,2140.0
2194,61778.90625,4239.21875,767.0
2195,0.0,0.0,1.0
2196,0.0,0.0,1.0
2197,357919.53125,35442.5,5892.0
2198,0.0,0.0,1.0
2199,0.0,0.0,1.0
2200,0.0,0.0,1.0
2201,0.0,0.0,1.0
2202,0.0,0.0,1.0
2203,0.0,0.0,1.0
2204,0.0,0.0,1.0
2205,0.0,0.0,1.0
2206,0.0,0.0,1.0
2207,0.0,0.0,1.0
2208,0.0,0.0,1.0
2209,0.0,0.0,1.0
2210,0.0,0.0,1.0
2211,144040.625,6661.25,1761.0
2212,0.0,0.0,1.0
2213,0.0,0.0,1.0
2214,0.0,0.0,1.0
2215,118682.8125,4482.03125,1950.0
2216,120232.03125,4020.46875,1743.0
2217,0.0,0.0,1.0
2218,500.0,12.5,5.0
2219,168058.59375,10188.125,2230.0
2220,0.0,0.0,1.0
2221,0.0,0.0,1.0
2222,245792.96875,13876.71875,3536.0
2223,0.0,0.0,1.0
2224,0.0,0.0,1.0
2225,369878.90625,24868.125,5168.0
2226,17946.09375,1055.15625,338.0
2227,0.0,0.0,1.0
2228,174992.1875,7159.6875,2369.0
2229,0.0,0.0,1.0
2230,625261.71875,44643.75,7963.0
2231,171525.0,9228.28125,2885.0
2232,0.0,0.0,1.0
2233,0.0,0.0,1.0
2234,0.0,0.0,1.0
2235,0.0,0.0,1.0
2236,500.0,25.0,5.0
2237,0.0,0.0,1.0
2238,0.0,0.0,1.0
2239,0.0,0.0,1.0
2240,0.0,0.0,1.0
2241,0.0,0.0,1.0
2242,0.0,0.0,1.0
2243,0.0,0.0,1.0
2244,0.0,0.0,1.0
2245,281707.03125,13194.375,4569.0
2246,351982.03125,17621.25,5261.0
2247,0.0,0.0,1.0
2248,0.0,0.0,1.0
2249,0.0,0.0,1.0
2250,0.0,0.0,1.0
2251,0.0,0.0,1.0
2252,0.0,0.0,1.0
2253,0.0,0.0,1.0
2254,0.0,0.0,1.0
2255,0.0,0.0,1.0
2256,0.0,0.0,1.0
2257,112883.59375,4890.9375,1386.0
2258,193090.625,10091.25,2611.0
2259,0.0,0.0,1.0
2260,0.0,0.0,1.0
2261,314150.0,16122.03125,4630.0
2262,5006.25,150.3125,64.0
2263,0.0,0.0,1.0
2264,0.0,0.0,1.0
2265,0.0,0.0,1.0
2266,318008.59375,15708.90625,4561.0
2267,0.0,0.0,1.0
2268,796064.0625,29106.40625,9570.0
2269,0.0,0.0,1.0
2270,0.0,0.0,1.0
2271,0.0,0.0,1.0
2272,0.0,0.0,1.0
2273,0.0,0.0,1.0
2274,190870.3125,8992.96875,2553.0
2275,0.0,0.0,1.0
2276,0.0,0.0,1.0
2277,0.0,0.0,1.0
2278,0.0,0.0,1.0
2279,0.0,0.0,1.0
2280,0.0,0.0,1.0
2281,0.0,0.0,1.0
2282,4350.0,182.96875,70.0
2283,0.0,0.0,1.0
2284,0.0,0.0,1.0
2285,0.0,0.0,1.0
2286,0.0,0.0,1.0
2287,0.0,0.0,1.0
2288,0.0,0.0,1.0
2289,0.0,0.0,1.0
2290,0.0,0.0,1.0
2291,131879.6875,6363.125,1683.0
2292,0.0,0.0,1.0
2293,0.0,0.0,1.0
2294,0.0,0.0,1.0
2295,0.0,0.0,1.0
2296,0.0,0.0,1.0
2297,288450.78125,14390.3125,4305.0
2298,0.0,0.0,1.0
2299,2600.0,130.0,26.0
2300,321635.15625,20870.625,4890.0
2301,0.0,0.0,1.0
2302,0.0,0.0,1.0
2303,0.0,0.0,1.0
2304,0.0,0.0,1.0
2305,0.0,0.0,1.0
2306,0.0,0.0,1.0
2307,0.0,0.0,1.0
2308,197637.5,13633.28125,2427.0
2309,685150.0,50808.125,8747.0
2310,190796.09375,9525.625,2716.0
2311,0.0,0.0,1.0
2312,0.0,0.0,1.0
2313,0.0,0.0,1.0
2314,257904.6875,12192.8125,4018.0
2315,0.0,0.0,1.0
2316,0.0,0.0,1.0
2317,267152.34375,14191.71875,4027.0
2318,0.0,0.0,1.0
2319,262295.3125,13090.9375,3916.0
2320,233471.09375,9894.6875,3842.0
2321,0.0,0.0,1.0
2322,0.0,0.0,1.0
2323,0.0,0.0,1.0
2324,0.0,0.0,1.0
2325,0.0,0.0,1.0
2326,0.0,0.0,1.0
2327,0.0,0.0,1.0
2328,0.0,0.0,1.0
2329,0.0,0.0,1.0
2330,0.0,0.0,1.0
2331,231683.59375,11669.53125,3025.0
2332,113593.75,8215.9375,1925.0
2333,0.0,0.0,1.0
2334,0.0,0.0,1.0
2335,0.0,0.0,1.0
2336,0.0,0.0,1.0
2337,0.0,0.0,1.0
2338,0.0,0.0,1.0
2339,0.0,0.0,1.0
2340,0.0,0.0,1.0
2341,3718.75,185.9375,65.0
2342,393290.625,19922.03125,5826.0
2343,3805.859375,780.9375,299.0
2344,0.0,0.0,1.0
2345,564423.4375,33866.40625,7607.0
2346,0.0,0.0,1.0
2347,0.0,0.0,1.0
2348,245551.5625,12073.90625,3693.0
2349,127500.78125,5128.125,1928.0
2350,446133.59375,30716.5625,6405.0
2351,50359.375,8131.5625,884.0
2352,64210.15625,7957.34375,791.0
2353,58704.296875,5894.0625,769.0
2354,163478.90625,7562.65625,2535.0
2355,254810.9375,13476.71875,4025.0
2356,663769.53125,39920.15625,8388.0
2357,160773.4375,7125.3125,2065.0
2358,41373.4375,4893.75,455.0
2359,22338.28125,1959.296875,455.0
2360,40387.5,2018.125,434.0
2361,4010.15625,702.96875,433.0
2362,0.0,0.0,1.0
2363,0.0,0.0,1.0
2364,0.0,0.0,1.0
2365,0.0,0.0,1.0
2366,0.0,0.0,1.0
2367,0.0,0.0,1.0
2368,0.0,0.0,1.0
2369,98421.09375,3536.71875,1379.0
2370,0.0,0.0,1.0
2371,0.0,0.0,1.0
2372,0.0,0.0,1.0
2373,213383.59375,11516.40625,3299.0
2374,0.0,0.0,1.0
2375,0.0,0.0,1.0
2376,0.0,0.0,1.0
2377,0.0,0.0,1.0
2378,0.0,0.0,1.0
2379,0.0,0.0,1.0
2380,0.0,0.0,1.0
2381,0.0,0.0,1.0
2382,0.0,0.0,1.0
2383,0.0,0.0,1.0
2384,0.0,0.0,1.0
2385,0.0,0.0,1.0
2386,0.0,0.0,1.0
2387,0.0,0.0,1.0
2388,0.0,0.0,1.0
2389,0.0,0.0,1.0
2390,0.0,0.0,1.0
2391,0.0,0.0,1.0
2392,854050.0,39385.3125,9643.0
2393,0.0,0.0,1.0
2394,0.0,0.0,1.0
2395,828348.4375,34803.90625,9458.0
2396,0.0,0.0,1.0
2397,0.0,0.0,1.0
2398,0.0,0.0,1.0
2399,0.0,0.0,1.0
2400,0.0,0.0,1.0
2401,0.0,0.0,1.0
2402,0.0,0.0,1.0
2403,0.0,0.0,1.0
2404,0.0,0.0,1.0
2405,138446.875,4795.15625,1897.0
2406,0.0,0.0,1.0
2407,757940.625,58861.71875,9192.0
2408,77010.15625,8603.90625,1031.0
2409,21589.0625,2835.15625,820.0
2410,37829.6875,1783.125,454.0
2411,18131.640625,2717.96875,411.0
2412,0.0,0.0,1.0
2413,0.0,0.0,1.0
2414,161327.34375,8113.59375,2446.0
2415,0.0,0.0,1.0
2416,0.0,0.0,1.0
2417,0.0,0.0,1.0
2418,0.0,0.0,1.0
2419,0.0,0.0,1.0
2420,599847.65625,39782.03125,8070.0
2421,153939.0625,14192.1875,2245.0
2422,0.0,0.0,1.0
2423,0.0,0.0,1.0
2424,0.0,0.0,1.0
2425,0.0,0.0,1.0
2426,831954.6875,35456.25,9622.0
2427,0.0,0.0,1.0
2428,163384.375,6986.25,2450.0
2429,0.0,0.0,1.0
2430,0.0,0.0,1.0
2431,0.0,0.0,1.0
2432,0.0,0.0,1.0
2433,631514.0625,42395.46875,8449.0
2434,0.0,0.0,1.0
2435,0.0,0.0,1.0
2436,0.0,0.0,1.0
2437,0.0,0.0,1.0
2438,0.0,0.0,1.0
2439,0.0,0.0,1.0
2440,0.0,0.0,1.0
2441,0.0,0.0,1.0
2442,0.0,0.0,1.0
2443,0.0,0.0,1.0
2444,0.0,0.0,1.0
2445,0.0,0.0,1.0
2446,0.0,0.0,1.0
2447,0.0,0.0,1.0
2448,0.0,0.0,1.0
2449,0.0,0.0,1.0
2450,0.0,0.0,1.0
2451,0.0,0.0,1.0
2452,184597.65625,9044.21875,2606.0
2453,190292.96875,20868.125,2358.0
2454,0.0,0.0,1.0
2455,0.0,0.0,1.0
2456,134889.84375,4973.4375,2182.0
2457,221157.8125,11614.84375,3267.0
2458,0.0,0.0,1.0
2459,0.0,0.0,1.0
2460,0.0,0.0,1.0
2461,0.0,0.0,1.0
2462,0.0,0.0,1.0
2463,0.0,0.0,1.0
2464,0.0,0.0,1.0
2465,0.0,0.0,1.0
2466,0.0,0.0,1.0
2467,0.0,0.0,1.0
2468,0.0,0.0,1.0
2469,0.0,0.0,1.0
2470,0.0,0.0,1.0
2471,423742.1875,26560.625,6045.0
2472,0.0,0.0,1.0
2473,0.0,0.0,1.0
2474,63812.5,4032.5,753.0
2475,0.0,0.0,1.0
2476,0.0,0.0,1.0
2477,0.0,0.0,1.0
2478,51860.15625,2616.25,856.0
2479,0.0,0.0,1.0
2480,108386.71875,4873.59375,1592.0
2481,0.0,0.0,1.0
2482,0.0,0.0,1.0
2483,0.0,0.0,1.0
2484,0.0,0.0,1.0
2485,0.0,0.0,1.0
2486,0.0,0.0,1.0
2487,5331.25,166.5625,68.0
2488,347076.5625,18600.9375,5448.0
2489,177.9296875,71.171875,130.0
2490,0.0,0.0,1.0
2491,173784.375,10152.96875,2472.0
2492,0.0,0.0,1.0
2493,0.0,0.0,1.0
2494,224889.84375,10936.71875,3730.0
2495,0.0,0.0,1.0
2496,260740.625,12240.3125,4067.0
2497,438053.125,55296.875,6266.0
2498,57730.46875,7412.5,767.0
2499,0.0,0.0,1.0
2500,0.0,0.0,1.0
2501,0.0,0.0,1.0
2502,0.0,0.0,1.0
2503,0.0,0.0,1.0
2504,0.0,0.0,1.0
2505,0.0,0.0,1.0
2506,0.0,0.0,1.0
2507,0.0,0.0,1.0
2508,0.0,0.0,1.0
2509,213032.03125,10530.46875,2622.0
2510,0.0,0.0,1.0
2511,614102.34375,46697.8125,8077.0
2512,3280.46875,567.03125,132.0
2513,0.0,0.0,1.0
2514,0.0,0.0,1.0
2515,0.0,0.0,1.0
2516,0.0,0.0,1.0
2517,0.0,0.0,1.0
2518,0.0,0.0,1.0
2519,0.0,0.0,1.0
2520,117029.6875,3467.03125,1733.0
2521,0.0,0.0,1.0
2522,0.0,0.0,1.0
2523,0.0,0.0,1.0
2524,0.0,0.0,1.0
2525,0.0,0.0,1.0
2526,0.0,0.0,1.0
2527,0.0,0.0,1.0
2528,0.0,0.0,1.0
2529,800.0,40.0,8.0
2530,0.0,0.0,1.0
2531,116633.59375,5259.375,1423.0
2532,97993.75,2888.75,1579.0
2533,0.0,0.0,1.0
2534,0.0,0.0,1.0
2535,0.0,0.0,1.0
2536,0.0,0.0,1.0
2537,0.0,0.0,1.0
2538,115220.3125,3538.75,1715.0
2539,0.0,0.0,1.0
2540,0.0,0.0,1.0
2541,844740.625,32342.03125,9482.0
2542,0.0,0.0,1.0
2543,0.0,0.0,1.0
2544,0.0,0.0,1.0
2545,0.0,0.0,1.0
2546,3093.75,138.4375,32.0
2547,0.0,0.0,1.0
2548,0.0,0.0,1.0
2549,0.0,0.0,1.0
2550,0.0,0.0,1.0
2551,0.0,0.0,1.0
2552,0.0,0.0,1.0
2553,0.0,0.0,1.0
2554,4018.75,200.9375,66.0
2555,676267.1875,44149.84375,8505.0
2556,0.0,0.0,1.0
2557,0.0,0.0,1.0
2558,0.0,0.0,1.0
2559,0.0,0.0,1.0
2560,0.0,0.0,1.0
2561,0.0,0.0,1.0
2562,0.0,0.0,1.0
2563,363697.65625,16339.53125,5689.0
2564,0.0,0.0,1.0
2565,0.0,0.0,1.0
2566,0.0,0.0,1.0
2567,0.0,0.0,1.0
2568,0.0,0.0,1.0
2569,741792.96875,50789.53125,9119.0
2570,12753.515625,2951.5625,451.0
2571,585.9375,234.375,20.0
2572,59.765625,23.90625,20.0
2573,191797.65625,11291.25,2667.0
2574,0.0,0.0,1.0
2575,731859.375,55057.8125,9263.0
2576,3.515625,1.40625,1.0
2577,0.0,0.0,1.0
2578,119985.9375,4350.3125,1881.0
2579,0.0,0.0,1.0
2580,0.0,0.0,1.0
2581,0.0,0.0,1.0
2582,0.0,0.0,1.0
2583,292848.4375,14804.84375,4286.0
2584,93357.8125,3819.0625,1347.0
2585,0.0,0.0,1.0
2586,430103.125,25776.5625,6261.0
2587,0.0,0.0,1.0
2588,0.0,0.0,1.0
2589,0.0,0.0,1.0
2590,0.0,0.0,1.0
2591,350415.625,40802.5,5517.0
2592,253103.90625,11174.375,3982.0
2593,0.0,0.0,1.0
2594,0.0,0.0,1.0
2595,0.0,0.0,1.0
2596,559407.03125,40597.1875,7309.0
2597,228166.40625,12187.5,2961.0
2598,26661.71875,1611.875,376.0
2599,25367.1875,2943.90625,369.0
2600,243441.40625,12788.28125,3614.0
2601,7092.3828125,3686.40625,346.0
2602,2042.578125,471.875,176.0
2603,0.0,0.0,1.0
2604,0.0,0.0,1.0
2605,0.0,0.0,1.0
2606,0.0,0.0,1.0
2607,0.0,0.0,1.0
2608,0.0,0.0,1.0
2609,0.0,0.0,1.0
2610,486891.40625,28576.71875,6925.0
2611,0.0,0.0,1.0
2612,0.0,0.0,1.0
2613,277220.3125,12432.1875,4569.0
2614,0.0,0.0,1.0
2615,0.0,0.0,1.0
2616,5331.25,166.5625,63.0
2617,0.0,0.0,1.0
2618,116163.28125,8599.0625,1885.0
2619,0.0,0.0,1.0
2620,0.0,0.0,1.0
2621,0.0,0.0,1.0
2622,0.0,0.0,1.0
2623,0.0,0.0,1.0
2624,0.0,0.0,1.0
2625,0.0,0.0,1.0
2626,154039.0625,8053.28125,2001.0
2627,0.0,0.0,1.0
2628,0.0,0.0,1.0
2629,0.0,0.0,1.0
2630,0.0,0.0,1.0
2631,0.0,0.0,1.0
2632,0.0,0.0,1.0
2633,0.0,0.0,1.0
2634,157886.71875,7638.28125,2140.0
2635,0.0,0.0,1.0
2636,571718.75,35727.65625,7539.0
2637,502646.09375,31660.0,6752.0
2638,27858.984375,2785.78125,417.0
2639,0.0,0.0,1.0
2640,0.0,0.0,1.0
2641,111432.03125,4550.0,1697.0
2642,0.0,0.0,1.0
2643,0.0,0.0,1.0
2644,252796.09375,13954.375,3832.0
2645,118139.84375,3983.90625,1946.0
2646,0.0,0.0,1.0
2647,134008.59375,5507.1875,1960.0
2648,0.0,0.0,1.0
2649,0.0,0.0,1.0
2650,0.0,0.0,1.0
2651,0.0,0.0,1.0
2652,0.0,0.0,1.0
2653,0.0,0.0,1.0
2654,127933.59375,4918.125,1926.0
2655,511744.53125,32212.03125,6767.0
2656,0.0,0.0,1.0
2657,350127.34375,18695.0,5285.0
2658,0.0,0.0,1.0
2659,0.0,0.0,1.0
2660,0.0,0.0,1.0
2661,0.0,0.0,1.0
2662,0.0,0.0,1.0
2663,0.0,0.0,1.0
2664,198317.96875,12784.375,2476.0
2665,0.0,0.0,1.0
2666,216470.3125,10135.15625,2899.0
2667,238359.375,12131.25,2952.0
2668,0.0,0.0,1.0
2669,157870.3125,8578.28125,2420.0
2670,0.0,0.0,1.0
2671,500.0,12.5,5.0
2672,608211.71875,34463.90625,7914.0
2673,0.0,0.0,1.0
2674,0.0,0.0,1.0
2675,0.0,0.0,1.0
2676,0.0,0.0,1.0
2677,0.0,0.0,1.0
2678,0.0,0.0,1.0
2679,0.0,0.0,1.0
2680,244777.34375,16594.21875,3212.0
2681,0.0,0.0,1.0
2682,0.0,0.0,1.0
2683,126960.15625,4239.53125,1915.0
2684,0.0,0.0,1.0
2685,121047.65625,3557.65625,2069.0
2686,0.0,0.0,1.0
2687,0.0,0.0,1.0
2688,0.0,0.0,1.0
2689,0.0,0.0,1.0
2690,0.0,0.0,1.0
2691,0.0,0.0,1.0
2692,800.0,40.0,8.0
2693,0.0,0.0,1.0
2694,0.0,0.0,1.0
2695,132371.875,4862.65625,1767.0
2696,396622.65625,22717.5,5883.0
2697,297567.1875,17178.125,4237.0
2698,0.0,0.0,1.0
2699,0.0,0.0,1.0
2700,0.0,0.0,1.0
2701,0.0,0.0,1.0
2702,0.0,0.0,1.0
2703,0.0,0.0,1.0
2704,0.0,0.0,1.0
2705,0.0,0.0,1.0
2706,0.0,0.0,1.0
2707,0.0,0.0,1.0
2708,2893.75,144.6875,33.0
2709,0.0,0.0,1.0
2710,0.0,0.0,1.0
2711,0.0,0.0,1.0
2712,302795.3125,13485.78125,4759.0
2713,636585.9375,47015.78125,8129.0
2714,266796.09375,14814.0625,4525.0
2715,0.0,0.0,1.0
2716,0.0,0.0,1.0
2717,0.0,0.0,1.0
2718,152713.28125,6352.34375,2268.0
2719,0.0,0.0,1.0
2720,0.0,0.0,1.0
2721,0.0,0.0,1.0
2722,0.0,0.0,1.0
2723,0.0,0.0,1.0
2724,155360.9375,7692.8125,2284.0
2725,0.0,0.0,1.0
2726,0.0,0.0,1.0
2727,0.0,0.0,1.0
2728,0.0,0.0,1.0
2729,0.0,0.0,1.0
2730,0.0,0.0,1.0
2731,0.0,0.0,1.0
2732,532952.34375,31757.03125,7453.0
2733,0.0,0.0,1.0
2734,554178.125,35800.0,7629.0
2735,0.0,0.0,1.0
2736,0.0,0.0,1.0
2737,0.0,0.0,1.0
2738,0.0,0.0,1.0
2739,0.0,0.0,1.0
2740,0.0,0.0,1.0
2741,256243.75,13871.875,3993.0
2742,2700.0,110.625,32.0
2743,0.0,0.0,1.0
2744,520160.9375,36905.625,6863.0
2745,367238.28125,17982.65625,5764.0
2746,0.0,0.0,1.0
2747,0.0,0.0,1.0
2748,2600.0,130.0,26.0
2749,0.0,0.0,1.0
2750,0.0,0.0,1.0
2751,0.0,0.0,1.0
2752,303379.6875,15391.40625,5257.0
2753,0.0,0.0,1.0
2754,355392.96875,19050.3125,5049.0
2755,0.0,0.0,1.0
2756,0.0,0.0,1.0
2757,0.0,0.0,1.0
2758,4537.5,185.9375,79.0
2759,0.0,0.0,1.0
2760,0.0,0.0,1.0
2761,0.0,0.0,1.0
2762,172408.59375,7558.75,2329.0
2763,0.0,0.0,1.0
2764,0.0,0.0,1.0
2765,0.0,0.0,1.0
2766,0.0,0.0,1.0
2767,0.0,0.0,1.0
2768,266401.5625,12539.84375,4418.0
2769,270280.46875,14105.625,3916.0
2770,0.0,0.0,1.0
2771,214946.09375,9092.1875,3025.0
2772,207797.65625,9157.65625,2818.0
2773,0.0,0.0,1.0
2774,0.0,0.0,1.0
2775,0.0,0.0,1.0
2776,0.0,0.0,1.0
2777,0.0,0.0,1.0
2778,0.0,0.0,1.0
2779,114052.34375,4285.46875,1689.0
2780,3937.5,196.875,66.0
2781,0.0,0.0,1.0
2782,265192.96875,10557.65625,4348.0
2783,0.0,0.0,1.0
2784,192450.78125,11362.5,2771.0
2785,0.0,0.0,1.0
2786,0.0,0.0,1.0
2787,0.0,0.0,1.0
2788,0.0,0.0,1.0
2789,0.0,0.0,1.0
2790,422571.09375,28373.59375,6025.0
2791,0.0,0.0,1.0
2792,0.0,0.0,1.0
2793,0.0,0.0,1.0
2794,63263.28125,4113.75,824.0
2795,705164.84375,47582.5,8837.0
2796,617556.25,43048.4375,8065.0
2797,343792.96875,19753.90625,5288.0
2798,0.0,0.0,1.0
2799,264763.28125,14199.53125,3906.0
2800,0.0,0.0,1.0
2801,19928.125,978.4375,332.0
2802,210265.625,9649.21875,2560.0
2803,0.0,0.0,1.0
2804,0.0,0.0,1.0
2805,0.0,0.0,1.0
2806,0.0,0.0,1.0
2807,0.0,0.0,1.0
2808,0.0,0.0,1.0
2809,0.0,0.0,1.0
2810,187481.25,9162.34375,2751.0
2811,0.0,0.0,1.0
2812,0.0,0.0,1.0
2813,0.0,0.0,1.0
2814,0.0,0.0,1.0
2815,0.0,0.0,1.0
2816,0.0,0.0,1.0
2817,0.0,0.0,1.0
2818,437067.1875,25186.09375,6473.0
2819,0.0,0.0,1.0
2820,0.0,0.0,1.0
2821,266290.625,12389.6875,4337.0
2822,311060.15625,15110.0,4366.0
2823,0.0,0.0,1.0
2824,308993.75,30910.9375,4447.0
2825,0.0,0.0,1.0
2826,0.0,0.0,1.0
2827,0.0,0.0,1.0
2828,0.0,0.0,1.0
2829,58465.625,3050.15625,782.0
2830,0.0,0.0,1.0
2831,0.0,0.0,1.0
2832,0.0,0.0,1.0
2833,0.0,0.0,1.0
2834,0.0,0.0,1.0
2835,0.0,0.0,1.0
2836,0.0,0.0,1.0
2837,246064.0625,11088.125,3860.0
2838,118997.65625,4926.5625,1816.0
2839,175925.78125,7310.46875,2459.0
2840,0.0,0.0,1.0
2841,0.0,0.0,1.0
2842,0.0,0.0,1.0
2843,0.0,0.0,1.0
2844,0.0,0.0,1.0
2845,246844.53125,12000.0,4382.0
2846,149314.0625,5994.0625,2143.0
2847,800.0,40.0,8.0
2848,105387.5,4134.0625,1649.0
2849,0.0,0.0,1.0
2850,122886.71875,5477.1875,1788.0
2851,0.0,0.0,1.0
2852,263716.40625,12296.40625,3510.0
2853,193275.0,11771.25,2639.0
2854,0.0,0.0,1.0
2855,170583.59375,8844.84375,2283.0
2856,5262.5,163.125,83.0
2857,0.0,0.0,1.0
2858,0.0,0.0,1.0
2859,0.0,0.0,1.0
2860,0.0,0.0,1.0
2861,117192.1875,3995.3125,1787.0
2862,0.0,0.0,1.0
2863,3731.25,186.5625,59.0
2864,0.0,0.0,1.0
2865,0.0,0.0,1.0
2866,0.0,0.0,1.0
2867,0.0,0.0,1.0
2868,0.0,0.0,1.0
2869,0.0,0.0,1.0
2870,0.0,0.0,1.0
2871,63545.3125,3585.78125,807.0
2872,429390.625,27145.0,5883.0
2873,503335.15625,28928.59375,6516.0
2874,274131.25,14975.3125,4292.0
2875,518716.40625,37013.59375,7303.0
2876,31331.640625,4198.4375,394.0
2877,29786.71875,2028.90625,372.0
2878,24784.375,3529.6875,353.0
2879,15884.765625,2716.09375,366.0
2880,22785.546875,3912.5,340.0
2881,24922.65625,3507.8125,346.0
2882,291237.5,14573.75,4371.0
2883,636592.96875,43706.875,8241.0
2884,24017.1875,3143.4375,338.0
2885,5194.53125,1207.65625,318.0
2886,19378.125,1194.6875,292.0
2887,3479.6875,1357.1875,308.0
2888,0.0,0.0,1.0
2889,0.0,0.0,1.0
2890,0.0,0.0,1.0
2891,0.0,0.0,1.0
2892,393298.4375,19220.3125,5735.0
2893,7.8125,3.125,1.0
2894,659358.59375,40636.25,8318.0
2895,215378.125,11401.875,3189.0
2896,0.0,0.0,1.0
2897,203650.0,10188.90625,3584.0
2898,0.0,0.0,1.0
2899,0.0,0.0,1.0
2900,293821.09375,13481.71875,4055.0
2901,3168.75,101.5625,33.0
2902,0.0,0.0,1.0
2903,0.0,0.0,1.0
2904,0.0,0.0,1.0
2905,0.0,0.0,1.0
2906,152229.6875,6961.71875,2126.0
2907,3081.25,308.125,33.0
2908,0.0,0.0,1.0
2909,0.0,0.0,1.0
2910,230737.5,11891.71875,3682.0
2911,0.0,0.0,1.0
2912,0.0,0.0,1.0
2913,6243.75,302.1875,94.0
2914,0.0,0.0,1.0
2915,0.0,0.0,1.0
2916,0.0,0.0,1.0
2917,0.0,0.0,1.0
2918,0.0,0.0,1.0
2919,0.0,0.0,1.0
2920,437805.46875,25120.46875,6261.0
2921,120883.59375,5010.625,1899.0
2922,214727.34375,10681.875,2874.0
2923,0.0,0.0,1.0
2924,0.0,0.0,1.0
2925,243095.3125,11144.375,3836.0
2926,0.0,0.0,1.0
2927,3837.5,167.96875,59.0
2928,0.0,0.0,1.0
2929,0.0,0.0,1.0
2930,0.0,0.0,1.0
2931,0.0,0.0,1.0
2932,800.0,40.0,8.0
2933,0.0,0.0,1.0
2934,0.0,0.0,1.0
2935,0.0,0.0,1.0
2936,0.0,0.0,1.0
2937,173499.21875,7177.96875,2406.0
2938,0.0,0.0,1.0
2939,0.0,0.0,1.0
2940,819501.5625,33381.40625,9539.0
2941,0.0,0.0,1.0
2942,0.0,0.0,1.0
2943,0.0,0.0,1.0
2944,0.0,0.0,1.0
2945,0.0,0.0,1.0
2946,0.0,0.0,1.0
2947,0.0,0.0,1.0
2948,0.0,0.0,1.0
2949,0.0,0.0,1.0
2950,0.0,0.0,1.0
2951,0.0,0.0,1.0
2952,0.0,0.0,1.0
2953,321983.59375,16013.59375,5046.0
2954,0.0,0.0,1.0
2955,0.0,0.0,1.0
2956,0.0,0.0,1.0
2957,0.0,0.0,1.0
2958,0.0,0.0,1.0
2959,0.0,0.0,1.0
2960,0.0,0.0,1.0
2961,0.0,0.0,1.0
2962,0.0,0.0,1.0
2963,358916.40625,17081.25,5401.0
2964,800.0,40.0,8.0
2965,285696.09375,14869.375,4312.0
2966,0.0,0.0,1.0
2967,0.0,0.0,1.0
2968,118217.1875,3698.75,1960.0
2969,0.0,0.0,1.0
2970,251124.21875,11983.90625,4205.0
2971,416854.6875,31935.625,6190.0
2972,236261.71875,12264.6875,3107.0
2973,101390.625,3443.28125,1575.0
2974,0.0,0.0,1.0
2975,0.0,0.0,1.0
2976,0.0,0.0,1.0
2977,0.0,0.0,1.0
2978,0.0,0.0,1.0
2979,0.0,0.0,1.0
2980,261262.5,13250.0,4262.0
2981,0.0,0.0,1.0
2982,335001.5625,16645.3125,5401.0
2983,613451.5625,41452.65625,8090.0
2984,0.0,0.0,1.0
2985,218784.375,9007.1875,3499.0
2986,0.0,0.0,1.0
2987,0.0,0.0,1.0
2988,511730.46875,28102.65625,7001.0
2989,0.0,0.0,1.0
2990,400032.8125,20887.1875,5732.0
2991,410946.09375,21764.375,6276.0
2992,881.640625,162.34375,91.0
2993,0.0,0.0,1.0
2994,0.0,0.0,1.0
2995,225919.53125,13970.625,3010.0
2996,2600.0,130.0,26.0
2997,5200.0,200.3125,84.0
2998,319443.75,14916.09375,4605.0
2999,114923.4375,4424.0625,1688.0
3000,330804.6875,22847.8125,4819.0
3001,276272.65625,17675.0,4249.0
3002,1700.0,42.5,17.0
3003,0.0,0.0,1.0
3004,0.0,0.0,1.0
3005,0.0,0.0,1.0
3006,0.0,0.0,1.0
3007,0.0,0.0,1.0
3008,0.0,0.0,1.0
3009,252830.46875,15655.15625,4158.0
3010,0.0,0.0,1.0
3011,0.0,0.0,1.0
3012,0.0,0.0,1.0
3013,168208.59375,7086.875,2211.0
3014,0.0,0.0,1.0
3015,0.0,0.0,1.0
3016,0.0,0.0,1.0
3017,0.0,0.0,1.0
3018,0.0,0.0,1.0
3019,646360.15625,37684.84375,7954.0
3020,39040.234375,5981.5625,432.0
3021,34322.65625,4142.8125,427.0
3022,25652.9296875,6060.9375,428.0
3023,31863.28125,7297.65625,422.0
3024,24512.109375,5776.5625,415.0
3025,4347.265625,1370.46875,268.0
3026,0.0,0.0,1.0
3027,0.0,0.0,1.0
3028,0.0,0.0,1.0
3029,0.0,0.0,1.0
3030,0.0,0.0,1.0
3031,0.0,0.0,1.0
3032,0.0,0.0,1.0
3033,0.0,0.0,1.0
3034,117207.03125,4210.3125,1948.0
3035,0.0,0.0,1.0
3036,0.0,0.0,1.0
3037,0.0,0.0,1.0
3038,0.0,0.0,1.0
3039,0.0,0.0,1.0
3040,0.0,0.0,1.0
3041,0.0,0.0,1.0
3042,0.0,0.0,1.0
3043,0.0,0.0,1.0
3044,0.0,0.0,1.0
3045,0.0,0.0,1.0
3046,0.0,0.0,1.0
3047,0.0,0.0,1.0
3048,157296.09375,8340.9375,2367.0
3049,528288.28125,30374.375,6978.0
3050,800.0,40.0,8.0
3051,55328.90625,3282.96875,770.0
3052,0.0,0.0,1.0
3053,0.0,0.0,1.0
3054,0.0,0.0,1.0
3055,0.0,0.0,1.0
3056,0.0,0.0,1.0
3057,0.0,0.0,1.0
3058,0.0,0.0,1.0
3059,90070.3125,6978.125,1120.0
3060,0.0,0.0,1.0
3061,0.0,0.0,1.0
3062,0.0,0.0,1.0
3063,0.0,0.0,1.0
3064,0.0,0.0,1.0
3065,0.0,0.0,1.0
3066,0.0,0.0,1.0
3067,175826.5625,9361.5625,2204.0
3068,158356.25,7015.625,2262.0
3069,0.0,0.0,1.0
3070,0.0,0.0,1.0
3071,0.0,0.0,1.0
3072,0.0,0.0,1.0
3073,2600.0,130.0,26.0
3074,0.0,0.0,1.0
3075,0.0,0.0,1.0
3076,0.0,0.0,1.0
3077,0.0,0.0,1.0
3078,0.0,0.0,1.0
3079,162320.3125,10082.1875,2257.0
3080,2600.0,130.0,26.0
3081,800.0,40.0,8.0
3082,0.0,0.0,1.0
3083,482264.84375,29238.59375,6500.0
3084,6637.5,1679.84375,328.0
3085,1169.53125,220.0,77.0
3086,307303.90625,16884.0625,4587.0
3087,0.0,0.0,1.0
3088,523898.4375,32477.8125,7169.0
3089,0.0,0.0,1.0
3090,0.0,0.0,1.0
3091,0.0,0.0,1.0
3092,3168.75,158.4375,33.0
3093,0.0,0.0,1.0
3094,0.0,0.0,1.0
3095,0.0,0.0,1.0
3096,0.0,0.0,1.0
3097,0.0,0.0,1.0
3098,0.0,0.0,1.0
3099,159314.0625,7350.3125,2211.0
3100,0.0,0.0,1.0
3101,0.0,0.0,1.0
3102,0.0,0.0,1.0
3103,493304.6875,37252.8125,6887.0
3104,0.0,0.0,1.0
3105,0.0,0.0,1.0
3106,0.0,0.0,1.0
3107,0.0,0.0,1.0
3108,130161.71875,4984.6875,1993.0
3109,0.0,0.0,1.0
3110,0.0,0.0,1.0
3111,0.0,0.0,1.0
3112,0.0,0.0,1.0
3113,201085.9375,13505.0,2778.0
3114,0.0,0.0,1.0
3115,0.0,0.0,1.0
3116,0.0,0.0,1.0
3117,0.0,0.0,1.0
3118,0.0,0.0,1.0
3119,0.0,0.0,1.0
3120,0.0,0.0,1.0
3121,127762.5,5963.4375,1740.0
3122,0.0,0.0,1.0
3123,175226.5625,10502.03125,2425.0
3124,623795.3125,38940.3125,8156.0
3125,0.0,0.0,1.0
3126,0.0,0.0,1.0
3127,0.0,0.0,1.0
3128,0.0,0.0,1.0
3129,0.0,0.0,1.0
3130,0.0,0.0,1.0
3131,0.0,0.0,1.0
3132,0.0,0.0,1.0
3133,0.0,0.0,1.0
3134,0.0,0.0,1.0
3135,0.0,0.0,1.0
3136,0.0,0.0,1.0
3137,0.0,0.0,1.0
3138,0.0,0.0,1.0
3139,162475.0,9135.3125,2295.0
3140,152806.25,4992.03125,2232.0
3141,219335.15625,10843.90625,3283.0
3142,187294.53125,10659.53125,2536.0
3143,144367.96875,6469.0625,2147.0
3144,307625.78125,16170.3125,4741.0
3145,430053.90625,21533.59375,5893.0
3146,3131.25,148.4375,33.0
3147,0.0,0.0,1.0
3148,0.0,0.0,1.0
3149,0.0,0.0,1.0
3150,0.0,0.0,1.0
3151,0.0,0.0,1.0
3152,382386.71875,19857.65625,5683.0
3153,0.0,0.0,1.0
3154,0.0,0.0,1.0
3155,0.0,0.0,1.0
3156,0.0,0.0,1.0
3157,60345.3125,3757.1875,754.0
3158,126001.5625,5951.25,1694.0
3159,718850.78125,50867.03125,9053.0
3160,193205.46875,9136.40625,2687.0
3161,233315.625,11746.71875,3272.0
3162,272300.78125,10820.15625,3990.0
3163,0.0,0.0,1.0
3164,0.0,0.0,1.0
3165,0.0,0.0,1.0
3166,500.0,12.5,5.0
3167,167571.09375,8277.1875,2502.0
3168,0.0,0.0,1.0
3169,0.0,0.0,1.0
3170,0.0,0.0,1.0
3171,4056.25,378.4375,57.0
3172,385879.6875,20412.65625,5398.0
3173,0.0,0.0,1.0
3174,63516.40625,4003.28125,812.0
3175,0.0,0.0,1.0
3176,0.0,0.0,1.0
3177,0.0,0.0,1.0
3178,0.0,0.0,1.0
3179,626885.15625,46287.1875,8300.0
3180,212978.90625,11047.65625,3015.0
3181,457774.21875,26987.34375,6614.0
3182,318042.1875,16395.3125,3841.0
3183,58436.5234375,6922.1875,1110.0
3184,71919.53125,9528.90625,1024.0
3185,53498.4375,5896.25,936.0
3186,52435.15625,5888.125,754.0
3187,55844.53125,5315.46875,691.0
3188,260178.125,14746.40625,3557.0
3189,380135.9375,19973.59375,5328.0
3190,42329.296875,3340.625,689.0
3191,11512.5,815.3125,252.0
3192,13735.9375,921.5625,251.0
3193,1607.8125,139.84375,212.0
3194,208679.6875,8992.96875,2876.0
3195,0.0,0.0,1.0
3196,0.0,0.0,1.0
3197,0.0,0.0,1.0
3198,0.0,0.0,1.0
3199,0.0,0.0,1.0
3200,0.0,0.0,1.0
3201,0.0,0.0,1.0
3202,0.0,0.0,1.0
3203,268427.34375,14542.96875,4086.0
3204,492178.125,28454.53125,6499.0
3205,0.0,0.0,1.0
3206,0.0,0.0,1.0
3207,0.0,0.0,1.0
3208,105033.59375,3350.46875,1679.0
3209,0.0,0.0,1.0
3210,0.0,0.0,1.0
3211,0.0,0.0,1.0
3212,0.0,0.0,1.0
3213,0.0,0.0,1.0
3214,0.0,0.0,1.0
3215,0.0,0.0,1.0
3216,0.0,0.0,1.0
3217,0.0,0.0,1.0
3218,0.0,0.0,1.0
3219,0.0,0.0,1.0
3220,0.0,0.0,1.0
3221,240446.875,12845.46875,3707.0
3222,282785.9375,15048.59375,4016.0
3223,0.0,0.0,1.0
3224,0.0,0.0,1.0
3225,0.0,0.0,1.0
3226,0.0,0.0,1.0
3227,0.0,0.0,1.0
3228,0.0,0.0,1.0
3229,0.0,0.0,1.0
3230,265471.875,12835.0,4148.0
3231,270707.03125,17127.8125,4399.0
3232,0.0,0.0,1.0
3233,234068.75,15049.0625,3080.0
3234,108814.84375,3967.1875,1472.0
3235,0.0,0.0,1.0
3236,0.0,0.0,1.0
3237,172933.59375,8918.28125,2255.0
3238,134996.875,4524.21875,1925.0
3239,205189.0625,9769.21875,3044.0
3240,0.0,0.0,1.0
3241,0.0,0.0,1.0
3242,0.0,0.0,1.0
3243,0.0,0.0,1.0
3244,0.0,0.0,1.0
3245,0.0,0.0,1.0
3246,0.0,0.0,1.0
3247,0.0,0.0,1.0
3248,0.0,0.0,1.0
3249,0.0,0.0,1.0
3250,0.0,0.0,1.0
3251,0.0,0.0,1.0
3252,126282.03125,5616.25,1999.0
3253,0.0,0.0,1.0
3254,132021.09375,4508.59375,1824.0
3255,0.0,0.0,1.0
3256,0.0,0.0,1.0
3257,0.0,0.0,1.0
3258,0.0,0.0,1.0
3259,0.0,0.0,1.0
3260,192371.875,9991.25,2480.0
3261,0.0,0.0,1.0
3262,0.0,0.0,1.0
3263,0.0,0.0,1.0
3264,0.0,0.0,1.0
3265,0.0,0.0,1.0
3266,265736.71875,12527.34375,3982.0
3267,0.0,0.0,1.0
3268,0.0,0.0,1.0
3269,243076.5625,14236.40625,3072.0
3270,0.0,0.0,1.0
3271,0.0,0.0,1.0
3272,0.0,0.0,1.0
3273,277815.625,20006.875,4199.0
3274,57145.3125,3177.1875,772.0
3275,0.0,0.0,1.0
3276,0.0,0.0,1.0
3277,589390.625,43372.65625,8025.0
3278,729290.625,49820.625,9160.0
3279,3121.484375,320.625,156.0
3280,0.0,0.0,1.0
3281,0.0,0.0,1.0
3282,0.0,0.0,1.0
3283,0.0,0.0,1.0
3284,0.0,0.0,1.0
3285,0.0,0.0,1.0
3286,0.0,0.0,1.0
3287,684452.34375,46580.3125,8385.0
3288,0.0,0.0,1.0
3289,0.0,0.0,1.0
3290,267518.75,12524.375,4055.0
3291,0.0,0.0,1.0
3292,0.0,0.0,1.0
3293,0.0,0.0,1.0
3294,172358.59375,8924.84375,2515.0
3295,0.0,0.0,1.0
3296,698349.21875,47341.25,8797.0
3297,619764.84375,39318.75,7781.0
3298,0.0,0.0,1.0
3299,0.0,0.0,1.0
3300,0.0,0.0,1.0
3301,0.0,0.0,1.0
3302,0.0,0.0,1.0
3303,0.0,0.0,1.0
3304,274484.375,15481.09375,4132.0
3305,0.0,0.0,1.0
3306,314667.1875,17829.375,4469.0
3307,191085.15625,11288.28125,3500.0
3308,0.0,0.0,1.0
3309,0.0,0.0,1.0
3310,142955.46875,5648.4375,2186.0
3311,0.0,0.0,1.0
3312,0.0,0.0,1.0
3313,0.0,0.0,1.0
3314,537445.3125,36552.34375,7211.0
3315,176058.59375,9856.40625,2656.0
3316,656744.53125,46786.875,8287.0
3317,261133.59375,15231.5625,4097.0
3318,0.0,0.0,1.0
3319,0.0,0.0,1.0
3320,0.0,0.0,1.0
3321,0.0,0.0,1.0
3322,357876.5625,18909.6875,5293.0
3323,0.0,0.0,1.0
3324,0.0,0.0,1.0
3325,392760.15625,19636.40625,6009.0
3326,0.0,0.0,1.0
3327,300051.5625,15632.1875,4223.0
3328,180478.90625,7594.21875,2616.0
3329,249585.15625,10928.90625,4175.0
3330,65709.375,3315.3125,809.0
3331,144748.4375,6006.25,1803.0
3332,138150.0,5029.53125,1759.0
3333,111764.84375,4362.34375,1527.0
3334,189481.25,11217.1875,2760.0
3335,0.0,0.0,1.0
3336,0.0,0.0,1.0
3337,444917.1875,26250.625,6239.0
3338,0.0,0.0,1.0
3339,0.0,0.0,1.0
3340,0.0,0.0,1.0
3341,102035.15625,4868.125,1205.0
3342,182362.5,9169.6875,2819.0
3343,234116.40625,8579.84375,4024.0
3344,0.0,0.0,1.0
3345,0.0,0.0,1.0
3346,0.0,0.0,1.0
3347,0.0,0.0,1.0
3348,0.0,0.0,1.0
3349,2887.5,120.0,33.0
3350,497901.5625,30732.34375,6534.0
3351,312487.5,17484.21875,4423.0
3352,0.0,0.0,1.0
3353,166700.0,7862.03125,2464.0
3354,113845.3125,4169.84375,1642.0
3355,0.0,0.0,1.0
3356,0.0,0.0,1.0
3357,229619.53125,11137.1875,3033.0
3358,0.0,0.0,1.0
3359,0.0,0.0,1.0
3360,0.0,0.0,1.0
3361,0.0,0.0,1.0
3362,189566.40625,23841.25,2842.0
3363,160452.34375,7838.4375,2097.0
3364,310072.65625,16166.5625,4729.0
3365,261056.25,15060.3125,3908.0
3366,0.0,0.0,1.0
3367,0.0,0.0,1.0
3368,133478.125,5454.84375,1919.0
3369,225596.09375,11887.1875,3016.0
3370,0.0,0.0,1.0
3371,186043.75,9302.65625,2523.0
3372,0.0,0.0,1.0
3373,0.0,0.0,1.0
3374,184358.59375,10444.6875,2492.0
3375,0.0,0.0,1.0
3376,100695.3125,2786.71875,1556.0
3377,0.0,0.0,1.0
3378,0.0,0.0,1.0
3379,107159.375,5141.71875,1745.0
3380,657464.84375,44080.625,8371.0
3381,0.0,0.0,1.0
3382,0.0,0.0,1.0
3383,0.0,0.0,1.0
3384,0.0,0.0,1.0
3385,201571.09375,11341.71875,2495.0
3386,5587.5,191.875,114.0
3387,0.0,0.0,1.0
3388,199484.375,11651.71875,2771.0
3389,0.0,0.0,1.0
3390,0.0,0.0,1.0
3391,0.0,0.0,1.0
3392,0.0,0.0,1.0
3393,0.0,0.0,1.0
3394,79597.65625,2187.03125,1131.0
3395,0.0,0.0,1.0
3396,0.0,0.0,1.0
3397,0.0,0.0,1.0
3398,0.0,0.0,1.0
3399,255850.0,12479.6875,4068.0
3400,0.0,0.0,1.0
3401,0.0,0.0,1.0
3402,0.0,0.0,1.0
3403,0.0,0.0,1.0
3404,0.0,0.0,1.0
3405,0.0,0.0,1.0
3406,0.0,0.0,1.0
3407,0.0,0.0,1.0
3408,144400.78125,5832.5,1776.0
3409,0.0,0.0,1.0
3410,401278.90625,20579.0625,5625.0
3411,6900.0,585.0,97.0
3412,208417.1875,10192.8125,2871.0
3413,0.0,0.0,1.0
3414,0.0,0.0,1.0
3415,500.0,12.5,5.0
3416,0.0,0.0,1.0
3417,0.0,0.0,1.0
3418,0.0,0.0,1.0
3419,0.0,0.0,1.0
3420,0.0,0.0,1.0
3421,0.0,0.0,1.0
3422,0.0,0.0,1.0
3423,0.0,0.0,1.0
3424,140592.96875,5952.8125,1845.0
3425,225850.78125,10353.4375,2854.0
3426,548835.15625,36650.46875,7620.0
3427,0.0,0.0,1.0
3428,0.0,0.0,1.0
3429,673624.21875,48676.71875,8452.0
3430,151988.28125,8107.34375,2226.0
3431,20073.4375,1059.6875,271.0
3432,2056.25,200.9375,296.0
3433,0.0,0.0,1.0
3434,0.0,0.0,1.0
3435,0.0,0.0,1.0
3436,0.0,0.0,1.0
3437,0.0,0.0,1.0
3438,0.0,0.0,1.0
3439,0.0,0.0,1.0
3440,0.0,0.0,1.0
3441,0.0,0.0,1.0
3442,0.0,0.0,1.0
3443,0.0,0.0,1.0
3444,0.0,0.0,1.0
3445,0.0,0.0,1.0
3446,674330.46875,46139.53125,8314.0
3447,0.0,0.0,1.0
3448,0.0,0.0,1.0
3449,0.0,0.0,1.0
3450,0.0,0.0,1.0
3451,0.0,0.0,1.0
3452,0.0,0.0,1.0
3453,0.0,0.0,1.0
3454,0.0,0.0,1.0
3455,0.0,0.0,1.0
3456,0.0,0.0,1.0
3457,0.0,0.0,1.0
3458,0.0,0.0,1.0
3459,0.0,0.0,1.0
3460,0.0,0.0,1.0
3461,0.0,0.0,1.0
3462,279660.9375,14185.625,4161.0
3463,158705.46875,7966.875,2341.0
3464,0.0,0.0,1.0
3465,800.0,40.0,8.0
3466,127464.84375,5929.375,1478.0
3467,0.0,0.0,1.0
3468,0.0,0.0,1.0
3469,290153.125,16032.65625,3681.0
3470,0.0,0.0,1.0
3471,0.0,0.0,1.0
3472,246127.34375,12217.1875,3357.0
3473,0.0,0.0,1.0
3474,0.0,0.0,1.0
3475,0.0,0.0,1.0
3476,144056.25,6641.5625,2146.0
3477,3693.75,168.4375,50.0
3478,7959.375,289.0625,114.0
3479,240972.65625,12511.25,3116.0
3480,0.0,0.0,1.0
3481,0.0,0.0,1.0
3482,0.0,0.0,1.0
3483,0.0,0.0,1.0
3484,800.0,40.0,8.0
3485,0.0,0.0,1.0
3486,0.0,0.0,1.0
3487,0.0,0.0,1.0
3488,0.0,0.0,1.0
3489,718589.84375,55973.59375,8875.0
3490,255932.8125,12240.0,3452.0
3491,0.0,0.0,1.0
3492,197473.4375,10448.75,2686.0
3493,2600.0,130.0,26.0
3494,0.0,0.0,1.0
3495,0.0,0.0,1.0
3496,0.0,0.0,1.0
3497,0.0,0.0,1.0
3498,0.0,0.0,1.0
3499,0.0,0.0,1.0
3500,0.0,0.0,1.0
3501,0.0,0.0,1.0
3502,351968.75,18718.125,5846.0
3503,0.0,0.0,1.0
3504,0.0,0.0,1.0
3505,0.0,0.0,1.0
3506,0.0,0.0,1.0
3507,0.0,0.0,1.0
3508,0.0,0.0,1.0
3509,0.0,0.0,1.0
3510,0.0,0.0,1.0
3511,0.0,0.0,1.0
3512,0.0,0.0,1.0
3513,0.0,0.0,1.0
3514,0.0,0.0,1.0
3515,0.0,0.0,1.0
3516,0.0,0.0,1.0
3517,0.0,0.0,1.0
3518,0.0,0.0,1.0
3519,0.0,0.0,1.0
3520,0.0,0.0,1.0
3521,0.0,0.0,1.0
3522,0.0,0.0,1.0
3523,0.0,0.0,1.0
3524,0.0,0.0,1.0
3525,0.0,0.0,1.0
3526,343299.21875,16723.28125,5276.0
3527,0.0,0.0,1.0
3528,162558.59375,7864.0625,2170.0
3529,268629.6875,16131.5625,3979.0
3530,274324.21875,15528.90625,4243.0
3531,203268.75,8646.25,2756.0
3532,0.0,0.0,1.0
3533,0.0,0.0,1.0
3534,173017.96875,9771.09375,2726.0
3535,111262.5,4840.15625,1439.0
3536,187604.6875,9918.125,2483.0
3537,0.0,0.0,1.0
3538,0.0,0.0,1.0
3539,0.0,0.0,1.0
3540,0.0,0.0,1.0
3541,0.0,0.0,1.0
3542,130076.5625,5497.8125,1979.0
3543,351128.125,19042.5,4903.0
3544,0.0,0.0,1.0
3545,0.0,0.0,1.0
3546,0.0,0.0,1.0
3547,0.0,0.0,1.0
3548,0.0,0.0,1.0
3549,0.0,0.0,1.0
3550,62892.1875,3475.9375,801.0
3551,0.0,0.0,1.0
3552,0.0,0.0,1.0
3553,0.0,0.0,1.0
3554,0.0,0.0,1.0
3555,0.0,0.0,1.0
3556,0.0,0.0,1.0
3557,0.0,0.0,1.0
3558,673813.28125,40842.1875,8768.0
3559,0.0,0.0,1.0
3560,0.0,0.0,1.0
3561,125981.25,5197.03125,1812.0
3562,0.0,0.0,1.0
3563,0.0,0.0,1.0
3564,266394.53125,17184.53125,3438.0
3565,0.0,0.0,1.0
3566,0.0,0.0,1.0
3567,0.0,0.0,1.0
3568,0.0,0.0,1.0
3569,0.0,0.0,1.0
3570,138332.8125,7123.125,1933.0
3571,0.0,0.0,1.0
3572,0.0,0.0,1.0
3573,0.0,0.0,1.0
3574,0.0,0.0,1.0
3575,0.0,0.0,1.0
3576,128711.71875,5708.28125,1736.0
3577,0.0,0.0,1.0
3578,0.0,0.0,1.0
3579,0.0,0.0,1.0
3580,0.0,0.0,1.0
3581,0.0,0.0,1.0
3582,279410.9375,15600.15625,4134.0
3583,0.0,0.0,1.0
3584,0.0,0.0,1.0
3585,235001.5625,13204.21875,3777.0
3586,135150.0,4835.78125,1799.0
3587,0.0,0.0,1.0
3588,0.0,0.0,1.0
3589,0.0,0.0,1.0
3590,0.0,0.0,1.0
3591,0.0,0.0,1.0
3592,0.0,0.0,1.0
3593,0.0,0.0,1.0
3594,0.0,0.0,1.0
3595,0.0,0.0,1.0
3596,2600.0,130.0,26.0
3597,0.0,0.0,1.0
3598,0.0,0.0,1.0
3599,137882.8125,6005.78125,2127.0
3600,0.0,0.0,1.0
3601,0.0,0.0,1.0
3602,0.0,0.0,1.0
3603,0.0,0.0,1.0
3604,0.0,0.0,1.0
3605,0.0,0.0,1.0
3606,0.0,0.0,1.0
3607,0.0,0.0,1.0
3608,2218.75,97.34375,26.0
3609,0.0,0.0,1.0
3610,161884.375,8773.28125,2478.0
3611,2600.0,130.0,26.0
3612,0.0,0.0,1.0
3613,0.0,0.0,1.0
3614,0.0,0.0,1.0
3615,0.0,0.0,1.0
3616,130555.46875,5035.625,1896.0
3617,0.0,0.0,1.0
3618,0.0,0.0,1.0
3619,0.0,0.0,1.0
3620,0.0,0.0,1.0
3621,568703.90625,35652.8125,7895.0
3622,2167.1875,140.15625,331.0
3623,0.0,0.0,1.0
3624,1700.0,42.5,17.0
3625,0.0,0.0,1.0
3626,0.0,0.0,1.0
3627,0.0,0.0,1.0
3628,0.0,0.0,1.0
3629,0.0,0.0,1.0
3630,0.0,0.0,1.0
3631,0.0,0.0,1.0
3632,0.0,0.0,1.0
3633,147453.90625,7922.96875,1854.0
3634,800.0,40.0,8.0
3635,0.0,0.0,1.0
3636,0.0,0.0,1.0
3637,260442.96875,13086.25,4083.0
3638,4275.0,187.1875,71.0
3639,645032.8125,38332.03125,7992.0
3640,0.0,0.0,1.0
3641,0.0,0.0,1.0
3642,0.0,0.0,1.0
3643,0.0,0.0,1.0
3644,284785.15625,15037.96875,3987.0
3645,0.0,0.0,1.0
3646,0.0,0.0,1.0
3647,0.0,0.0,1.0
3648,0.0,0.0,1.0
3649,0.0,0.0,1.0
3650,0.0,0.0,1.0
3651,0.0,0.0,1.0
3652,0.0,0.0,1.0
3653,735726.5625,58097.5,9298.0
3654,1.953125,1.5625,1.0
3655,0.0,0.0,1.0
3656,0.0,0.0,1.0
3657,0.0,0.0,1.0
3658,0.0,0.0,1.0
3659,0.0,0.0,1.0
3660,0.0,0.0,1.0
3661,0.0,0.0,1.0
3662,0.0,0.0,1.0
3663,0.0,0.0,1.0
3664,0.0,0.0,1.0
3665,0.0,0.0,1.0
3666,0.0,0.0,1.0
3667,0.0,0.0,1.0
3668,0.0,0.0,1.0
3669,0.0,0.0,1.0
3670,0.0,0.0,1.0
3671,0.0,0.0,1.0
3672,0.0,0.0,1.0
3673,0.0,0.0,1.0
3674,0.0,0.0,1.0
3675,0.0,0.0,1.0
3676,225992.96875,14263.28125,3599.0
3677,152566.40625,6532.5,2140.0
3678,399122.65625,22005.9375,6073.0
3679,322421.875,15233.59375,4976.0
3680,0.0,0.0,1.0
3681,0.0,0.0,1.0
3682,0.0,0.0,1.0
3683,0.0,0.0,1.0
3684,0.0,0.0,1.0
3685,588248.4375,31330.0,7955.0
3686,246072.65625,10764.375,3386.0
3687,191970.3125,12028.59375,2964.0
3688,165132.03125,8161.875,2504.0
3689,131675.0,6230.78125,1707.0
3690,142039.84375,5783.59375,1967.0
3691,0.0,0.0,1.0
3692,0.0,0.0,1.0
3693,182807.03125,10314.53125,2919.0
3694,144846.875,6888.125,2155.0
3695,192067.1875,8631.71875,2572.0
3696,121509.375,6716.71875,1476.0
3697,188111.71875,10303.59375,2505.0
3698,0.0,0.0,1.0
3699,0.0,0.0,1.0
3700,429568.75,24006.25,6179.0
3701,0.0,0.0,1.0
3702,0.0,0.0,1.0
3703,0.0,0.0,1.0
3704,0.0,0.0,1.0
3705,588772.65625,75890.9375,7928.0
3706,0.0,0.0,1.0
3707,0.0,0.0,1.0
3708,0.0,0.0,1.0
3709,0.0,0.0,1.0
3710,0.0,0.0,1.0
3711,0.0,0.0,1.0
3712,0.0,0.0,1.0
3713,248189.0625,14412.5,3850.0
3714,0.0,0.0,1.0
3715,1650.0,42.5,17.0
3716,196417.96875,11560.625,2905.0
3717,144238.28125,6205.15625,1737.0
3718,0.0,0.0,1.0
3719,437898.4375,25190.78125,6361.0
3720,211575.0,11092.65625,2803.0
3721,0.0,0.0,1.0
3722,0.0,0.0,1.0
3723,0.0,0.0,1.0
3724,0.0,0.0,1.0
3725,0.0,0.0,1.0
3726,0.0,0.0,1.0
3727,0.0,0.0,1.0
3728,0.0,0.0,1.0
3729,0.0,0.0,1.0
3730,0.0,0.0,1.0
3731,0.0,0.0,1.0
3732,395325.0,19643.75,5877.0
3733,0.0,0.0,1.0
3734,0.0,0.0,1.0
3735,0.0,0.0,1.0
3736,0.0,0.0,1.0
3737,0.0,0.0,1.0
3738,0.0,0.0,1.0
3739,0.0,0.0,1.0
3740,0.0,0.0,1.0
3741,3131.25,91.5625,33.0
3742,0.0,0.0,1.0
3743,0.0,0.0,1.0
3744,0.0,0.0,1.0
3745,0.0,0.0,1.0
3746,0.0,0.0,1.0
3747,0.0,0.0,1.0
